<collection>
	<doc href="DigitizationCount001-MMSID-MARC-1334.xml"></doc>
	<doc href="DigitizationCounts001.xml"></doc>
	<doc href="workspace/.xml"></doc>
</collection>
<collection>
	<doc href="Alma_SRU_combine.xml"></doc>
	<doc href="DigitizationCounts002-csv.xml"></doc>
	<doc href="DigitizationCounts002-first100.xml"></doc>
	<doc href="DigitizationCounts002.xml"></doc>
	<doc href="DigitizationCounts002.xml"></doc>
	<doc href="NAL-MARC21slimUtils.xml"></doc>
	<doc href="SRU-cat-file-002.xml"></doc>
	<doc href="collection/.xml"></doc>
	<doc href="collection-index-creator-002-first100.xml"></doc>
	<doc href="commons/.xml"></doc>
	<doc href="fix_characters.xml"></doc>
	<doc href="output-ind-file-002.xml"></doc>
	<doc href="sruQuery_to_MARC21.xml"></doc>
</collection>
<collection>
	<doc href="DigitizationCounts003-csv.xml"></doc>
	<doc href="DigitizationCounts003.xml"></doc>
</collection>
<collection>
	<doc href="DigitizationCounts004-csv.xml"></doc>
	<doc href="DigitizationCounts004.xml"></doc>
</collection>
