<?xml version="1.0" encoding="utf-8"?>
<invoice>
  <item>
    <description>Pilsner Beer</description>
    <qty>6</qty>
    <unitPrice>1.69</unitPrice>
  </item>
  <item>
    <description>Sausage</description>
    <qty>3</qty>
    <unitPrice>0.59</unitPrice>
  </item>
  <item>
    <description>Portable Barbecue</description>
    <qty>1</qty>
    <unitPrice>23.99</unitPrice>
  </item>
  <item>
    <description>Charcoal</description>
    <qty>2</qty>
    <unitPrice>1.19</unitPrice>
  </item>
</invoice>