<?xml version='1.0' encoding='windows-1250'?>
<!DOCTYPE article PUBLIC '-//OASIS//DTD DocBook XML V4.2//EN'
'http://www.oasis-open.org/docbook/xml/4.2/docbookx.dtd'>
<article lang="en">
<articleinfo>
<title>The Power Of Node-Set Function</title>
<author>
<firstname>Jirka</firstname>
<surname>Kosek</surname>
<email>jirka@kosek.cz</email>
</author>
</articleinfo>

<para>The XSLT language is quite powerful for many tasks, but some
really trivial requirements like calculating the total amount of an
invoice can not be expressed in a straightforward way. However, you
can change this by using a very powerful extension function in your
stylesheets: the <function>node-set()</function> function.</para>

<para>Let's start with some reasons why there is a need for such an
extension function. In XSLT you can assign to a variable any XPath
data type. For example, to store all books from a catalog in
a variable for further processing you can use the following
instruction:</para>

<programlisting><![CDATA[<xsl:variable name="books" select="//book"/>]]></programlisting>

<para>The variable <literal>$books</literal> now contains a set of
nodes.  Thus you can use this variable in other XPath expressions
without any limitations. For example, you can use the expression
<literal>$books/title</literal> to get the titles of all books from
the catalog.</para>

<para>So far, so good, but XSLT added a new data type called
<quote>result tree fragment</quote> into XPath. You can simply imagine
result tree fragment (RTF) as a fragment or a chunk of XML code. You
can assign result tree fragment to a variable directly, or result tree
fragment can arise from applying templates or other XSLT instructions.
The following code assigns a simple fragment of XML to the variable
<literal>$author</literal>.</para>

<programlisting><![CDATA[<xsl:variable name="author">
  <firstname>Jirka</firstname>
  <surname>Kosek</surname>
  <email>jirka@kosek.cz</email>
</xsl:variable>]]></programlisting>

<para>Now let's consider we want to extract e-mail address from the
<literal>$author</literal> variable. The most obvious way is to use an
expression like <literal>$author/email</literal>. But this will fail,
as you can not apply XPath navigation to a variable which is of the
type result tree fragment.</para>

<para>If we want to get around this limitation, we can use an
extension function which is able to convert a result tree fragment
back to a node-set. This function is not a part of XSLT or XPath
standards so I must warn you that stylesheets using it will not be as
portable as vanilla XSLTs. However, the advantages of
<function>node-set()</function> usually outweigh portability
issues.</para>

<para>Extension functions always reside in the separate namespace. In
order to use them we must declare this namespace as an extension
namespace in our stylesheet. The namespace in which the
<function>node-set()</function> function is implemented is different
for each processor, but fortunately many processors also support
<ulink url="http://www.exslt.org/">EXSLT</ulink>, so in many of them
we can use the following declarations at the start of our
stylesheet.</para>

<programlisting><![CDATA[<xsl:stylesheet xmlns:xsl="http://www.w3.org/1999/XSL/Transform"
                xmlns:exsl="http://exslt.org/common"
                extension-element-prefixes="exsl"
                version="1.0">
  ...
  <!-- Now we can convert result tree fragment back to node-set -->
  <xsl:value-of select="exsl:node-set($author)/email"/>
  ...
</xsl:stylesheet>]]></programlisting>

<para>The expression <literal>exsl:node-set($author)</literal>
converts the result tree fragment to a node-set so we can take it as
a start for further XPath navigation. If our processor is not
EXSLT-aware we must change the namespace
<literal>http://exslt.org/common</literal> according to <xref
linkend="tab.namespaces"/>.</para>

<table id="tab.namespaces">
<title>Support for <function>node-set()</function> in XSLT
processors</title>
<tgroup cols="3">
<colspec colname="c1" colwidth="3*"/>
<colspec colname="c2" colwidth="1*"/>
<colspec colname="c3" colwidth="2*"/>
<thead>
<row>
<entry>Processor</entry>
<entry>Function name</entry>
<entry>Namespace</entry>
</row>
</thead>
<tbody>
<row>
<entry>EXSLT aware processors (<ulink
url="http://saxon.sourceforge.net/">Saxon</ulink>, <ulink
url="http://xmlsoft.org/XSLT/">xsltproc</ulink>, <ulink
url="http://xml.apache.org/xalan-j/">Xalan-J</ulink>, <ulink
url="http://www.aztecrider.com/xslt/">jd.xslt</ulink>,
<ulink url="http://4suite.org/index.xhtml">4XSLT</ulink>)</entry>
<entry>node-set()</entry>
<entry>http://exslt.org/common</entry>
</row>
<row>
<entry><ulink
url="http://www.microsoft.com/downloads/details.aspx?FamilyID=3144b72b-b4f2-46da-b4b6-c5d7485f2b42&amp;displaylang=en">MSXML</ulink></entry>
<entry>node-set()</entry>
<entry>urn:schemas-microsoft-com:xslt</entry>
</row>
<row>
<entry><ulink url="http://xml.apache.org/xalan-c/">Xalan-C</ulink></entry>
<entry>nodeset()</entry>
<entry>http://xml.apache.org/xalan</entry>
</row>
<row>
<entry><ulink
url="http://www.gingerall.cz/charlie/ga/xml/p_sab.xml">Sablotron</ulink></entry>
<entry namest="c2" nameend="c3" align="center">Can operate on RTF directly</entry>
</row>
</tbody>
</tgroup>
</table>

<para>After this rather theoretical introduction, I will show you how
you can use <function>node-set()</function> for something more
useful.</para>

<section>
<title>Sum of products alias invoice processing</title>

<para>Let's suppose that we want to create a stylesheet which is able
to render a simple XML invoice into nice HTML for further browsing and
printing. For the sake of simplicity our invoice contains just items,
each item has a description, ordered quantity and unit price. </para>

<programlisting><textobject>
<textdata fileref="invoice.xml"/>
</textobject></programlisting>

<para>We don't want to be responsible for putting a damper on the
party so we will write a stylesheet for turning this XML into HTML in
a couple of minutes. However, there is one complication &ndash; the
rendered invoice should certainly contain the total amount. This might
look like a simple task but it will quickly become apparent that XPath
and XSLT will fail here. XPath provides us with the
<function>sum()</function> function, but it is only possible to sum
values of nodes, and in our example we want to calculate a sum of
subtotals (<literal>qty * unitPrice</literal>) which are not present
in the source XML and thus are not accessible to XPath's
<function>sum()</function>. The only pure XSLT&nbsp;1.0 solution is to
use recursive processing which leads to code that is not so clear and
easy to understand. (A pure XSLT solution is present in
<filename>invoice-noext.xsl</filename> stylesheet in the <ulink
url="samples.zip">ZIP archive with all examples.</ulink>)</para>

<para>The whole task will be much easier if we decide to utilize the
<function>node-set()</function> function. In the first step we will
calculate subtotals for each item and store them as a fragment of
XML.</para>

<programlisting><![CDATA[<xsl:variable name="subTotals"> 
  <xsl:for-each  select="invoice/item">
    <number><xsl:value-of select="qty * unitPrice"/></number>
  </xsl:for-each>
</xsl:variable>]]></programlisting>

<para>The variable <literal>$subTotals</literal> now holds subtotals,
where each subtotal is marked-up with a <sgmltag>number</sgmltag>
element.</para>

<programlisting><![CDATA[<number>10.14</number>
<number>1.77</number>
<number>23.99</number>
<number>2.38</number>]]></programlisting>

<para>Now we can get the total invoice amount quite easily by summing
up values stored in <sgmltag>number</sgmltag> nodes:
<literal>sum(exsl:node-set($subTotals)/number)</literal>.</para>

<para>Here is a complete working stylesheet.</para>

<programlisting><textobject>
<textdata fileref="invoice.xsl"/>
</textobject></programlisting>

</section>

<section>
<title>Multipass processing</title>

<para>Multipass processing is another situation in which the
<function>node-set()</function> function is essential. In some
situations it is hard to do the transformation in a single step, some
post-processing on the result is needed. If we want to do this during
a single transformation without the need for storing a temporary
result, and without the need for repeated invocation of the XSLT
processor, we must capture the result of the first transformation into
a variable as RTF (result tree fragment), convert RTF to node-set and
feed this node-set to templates which are responsible for
post-processing. </para>

<para>We can demonstrate this technique on a very simple but real
problem.  Suppose that we must change an existing stylesheet to
display a small image before each external link, in order to inform
the user that an Internet connection is needed to traverse the
link. The conventional approach to solving this task is to change the
existing stylesheet to emit icons in appropriate places. But in the
case of a very complex stylesheet this can be very time consuming
work.</para>

<para>Our approach will give up on modifying the existing stylesheet.
Instead we will capture its output and we will modify links in the
captured output. In order to capture the output of other stylesheets
we must import this stylesheet, and in the template for root node we
must invoke original templates using
<literal>xsl:apply-imports</literal> inside variable
definition.</para>

<programlisting><![CDATA[<xsl:variable name="content">
  <xsl:apply-imports/>
</xsl:variable>]]></programlisting>

<para>Variable <literal>$content</literal> now holds the complete
output from the original stylesheet. In this output we must change all
occurrences of external links such as:</para>

<programlisting><![CDATA[<a href="http...">text</a>]]></programlisting>

<para>to</para>

<programlisting><![CDATA[<a href="http..."><img src="external.gif" width="16" 
                       height="16" border="0">&nbsp;text</a>]]></programlisting>

<para>All other text and markup should retain untouched. To copy the
XML tree without modification we can use a very simple template which
copies all element, attribute and text nodes.</para>

<programlisting><![CDATA[<xsl:template match="@*|*|text()">
  <xsl:copy>
    <xsl:apply-templates select="@*|*|text()"/>
  </xsl:copy>
</xsl:template>]]></programlisting>

<para>A second template is needed to process external links in
a different way. As this template will match against a named element
it has a higher priority than the previous copy-only template and will
override it.</para>

<programlisting><![CDATA[<xsl:template match="a[starts-with(@href,'http')]">
  <xsl:copy>
    <xsl:apply-templates select="@*"/>
    <img src="external.gif" width="16" height="16" border="0"/>
    <xsl:text>&#160;</xsl:text>
    <xsl:apply-templates select="*|text()"/>
  </xsl:copy>
</xsl:template>]]></programlisting>

<para>Note that we must copy the original attributes for element
<sgmltag>a</sgmltag> before inserting the image, otherwise attributes
will be appended to the wrong place.</para>

<para>In the final stylesheet former templates must be in their own
mode to prevent conflicts with the original stylesheet. To show you
that there are real situations where you don't have enough time to get
to grips with other's work I'm using <ulink
url="http://docbook.sourceforge.net">DocBook XSL stylesheets</ulink>
as my original stylesheet. You can process any valid DocBook document
with our final stylesheet.</para>

<programlisting><textobject>
<textdata fileref="decoratelinks.xsl"/>
</textobject></programlisting>

</section>

<section>
<title>Future of <function>node-set()</function> function</title>

<para>XSLT 2.0 and XPath 2.0 are slowly progressing towards the status
of W3C Recommendation. You might be wondering whether the
<function>node-set()</function> function will be part of these
standards. The answer is no, but do not worry. The authors of XSLT 2.0
made an important decision and result tree fragments are there no
longer. Thus there will be no need to use the
<function>node-set()</function> function in XSLT 2.0 as you can
operate directly on XML fragments stored in a variable, as on any
other node-set. Anyway, you should put the
<function>node-set()</function> function in your bag of tools as it
will take several years before XSLT 2.0 will be deployed as widely as
XSLT 1.0 is deployed today.</para>

</section>

<bibliography>
<title>Related links</title>

<biblioentry>
<title><ulink url="http://www.exslt.org/">EXSLT website</ulink></title>
</biblioentry>

<biblioentry>
<title><ulink url="http://www.w3.org/TR/xslt20/">Working Draft of XSLT
2.0</ulink></title>
</biblioentry>

<biblioentry>
<title><ulink url="http://www.docbook.org">DocBook site</ulink></title>
</biblioentry>

<biblioentry>
<title>XML.com's article about <ulink
url="http://www.xml.com/pub/a/2001/03/14/exslt.html">birth of EXSLT</ulink></title>
</biblioentry>

</bibliography>

</article>