<collection>
	<doc href="prefix-SRU-cat-file-002_1.xml"></doc>
	<doc href="prefix-SRU-cat-file-002_10.xml"></doc>
	<doc href="prefix-SRU-cat-file-002_100.xml"></doc>
	<doc href="prefix-SRU-cat-file-002_11.xml"></doc>
	<doc href="prefix-SRU-cat-file-002_12.xml"></doc>
	<doc href="prefix-SRU-cat-file-002_13.xml"></doc>
	<doc href="prefix-SRU-cat-file-002_14.xml"></doc>
	<doc href="prefix-SRU-cat-file-002_15.xml"></doc>
	<doc href="prefix-SRU-cat-file-002_16.xml"></doc>
	<doc href="prefix-SRU-cat-file-002_17.xml"></doc>
	<doc href="prefix-SRU-cat-file-002_18.xml"></doc>
	<doc href="prefix-SRU-cat-file-002_19.xml"></doc>
	<doc href="prefix-SRU-cat-file-002_2.xml"></doc>
	<doc href="prefix-SRU-cat-file-002_20.xml"></doc>
	<doc href="prefix-SRU-cat-file-002_21.xml"></doc>
	<doc href="prefix-SRU-cat-file-002_22.xml"></doc>
	<doc href="prefix-SRU-cat-file-002_23.xml"></doc>
	<doc href="prefix-SRU-cat-file-002_24.xml"></doc>
	<doc href="prefix-SRU-cat-file-002_25.xml"></doc>
	<doc href="prefix-SRU-cat-file-002_26.xml"></doc>
	<doc href="prefix-SRU-cat-file-002_27.xml"></doc>
	<doc href="prefix-SRU-cat-file-002_28.xml"></doc>
	<doc href="prefix-SRU-cat-file-002_29.xml"></doc>
	<doc href="prefix-SRU-cat-file-002_3.xml"></doc>
	<doc href="prefix-SRU-cat-file-002_30.xml"></doc>
	<doc href="prefix-SRU-cat-file-002_31.xml"></doc>
	<doc href="prefix-SRU-cat-file-002_32.xml"></doc>
	<doc href="prefix-SRU-cat-file-002_33.xml"></doc>
	<doc href="prefix-SRU-cat-file-002_34.xml"></doc>
	<doc href="prefix-SRU-cat-file-002_35.xml"></doc>
	<doc href="prefix-SRU-cat-file-002_36.xml"></doc>
	<doc href="prefix-SRU-cat-file-002_37.xml"></doc>
	<doc href="prefix-SRU-cat-file-002_38.xml"></doc>
	<doc href="prefix-SRU-cat-file-002_39.xml"></doc>
	<doc href="prefix-SRU-cat-file-002_4.xml"></doc>
	<doc href="prefix-SRU-cat-file-002_40.xml"></doc>
	<doc href="prefix-SRU-cat-file-002_41.xml"></doc>
	<doc href="prefix-SRU-cat-file-002_42.xml"></doc>
	<doc href="prefix-SRU-cat-file-002_43.xml"></doc>
	<doc href="prefix-SRU-cat-file-002_44.xml"></doc>
	<doc href="prefix-SRU-cat-file-002_45.xml"></doc>
	<doc href="prefix-SRU-cat-file-002_46.xml"></doc>
	<doc href="prefix-SRU-cat-file-002_47.xml"></doc>
	<doc href="prefix-SRU-cat-file-002_48.xml"></doc>
	<doc href="prefix-SRU-cat-file-002_49.xml"></doc>
	<doc href="prefix-SRU-cat-file-002_5.xml"></doc>
	<doc href="prefix-SRU-cat-file-002_50.xml"></doc>
	<doc href="prefix-SRU-cat-file-002_51.xml"></doc>
	<doc href="prefix-SRU-cat-file-002_52.xml"></doc>
	<doc href="prefix-SRU-cat-file-002_53.xml"></doc>
	<doc href="prefix-SRU-cat-file-002_54.xml"></doc>
	<doc href="prefix-SRU-cat-file-002_55.xml"></doc>
	<doc href="prefix-SRU-cat-file-002_56.xml"></doc>
	<doc href="prefix-SRU-cat-file-002_57.xml"></doc>
	<doc href="prefix-SRU-cat-file-002_58.xml"></doc>
	<doc href="prefix-SRU-cat-file-002_59.xml"></doc>
	<doc href="prefix-SRU-cat-file-002_6.xml"></doc>
	<doc href="prefix-SRU-cat-file-002_60.xml"></doc>
	<doc href="prefix-SRU-cat-file-002_61.xml"></doc>
	<doc href="prefix-SRU-cat-file-002_62.xml"></doc>
	<doc href="prefix-SRU-cat-file-002_63.xml"></doc>
	<doc href="prefix-SRU-cat-file-002_64.xml"></doc>
	<doc href="prefix-SRU-cat-file-002_65.xml"></doc>
	<doc href="prefix-SRU-cat-file-002_66.xml"></doc>
	<doc href="prefix-SRU-cat-file-002_67.xml"></doc>
	<doc href="prefix-SRU-cat-file-002_68.xml"></doc>
	<doc href="prefix-SRU-cat-file-002_69.xml"></doc>
	<doc href="prefix-SRU-cat-file-002_7.xml"></doc>
	<doc href="prefix-SRU-cat-file-002_70.xml"></doc>
	<doc href="prefix-SRU-cat-file-002_71.xml"></doc>
	<doc href="prefix-SRU-cat-file-002_72.xml"></doc>
	<doc href="prefix-SRU-cat-file-002_73.xml"></doc>
	<doc href="prefix-SRU-cat-file-002_74.xml"></doc>
	<doc href="prefix-SRU-cat-file-002_75.xml"></doc>
	<doc href="prefix-SRU-cat-file-002_76.xml"></doc>
	<doc href="prefix-SRU-cat-file-002_77.xml"></doc>
	<doc href="prefix-SRU-cat-file-002_78.xml"></doc>
	<doc href="prefix-SRU-cat-file-002_79.xml"></doc>
	<doc href="prefix-SRU-cat-file-002_8.xml"></doc>
	<doc href="prefix-SRU-cat-file-002_80.xml"></doc>
	<doc href="prefix-SRU-cat-file-002_81.xml"></doc>
	<doc href="prefix-SRU-cat-file-002_82.xml"></doc>
	<doc href="prefix-SRU-cat-file-002_83.xml"></doc>
	<doc href="prefix-SRU-cat-file-002_84.xml"></doc>
	<doc href="prefix-SRU-cat-file-002_85.xml"></doc>
	<doc href="prefix-SRU-cat-file-002_86.xml"></doc>
	<doc href="prefix-SRU-cat-file-002_87.xml"></doc>
	<doc href="prefix-SRU-cat-file-002_88.xml"></doc>
	<doc href="prefix-SRU-cat-file-002_89.xml"></doc>
	<doc href="prefix-SRU-cat-file-002_9.xml"></doc>
	<doc href="prefix-SRU-cat-file-002_90.xml"></doc>
	<doc href="prefix-SRU-cat-file-002_91.xml"></doc>
	<doc href="prefix-SRU-cat-file-002_92.xml"></doc>
	<doc href="prefix-SRU-cat-file-002_93.xml"></doc>
	<doc href="prefix-SRU-cat-file-002_94.xml"></doc>
	<doc href="prefix-SRU-cat-file-002_95.xml"></doc>
	<doc href="prefix-SRU-cat-file-002_96.xml"></doc>
	<doc href="prefix-SRU-cat-file-002_97.xml"></doc>
	<doc href="prefix-SRU-cat-file-002_98.xml"></doc>
	<doc href="prefix-SRU-cat-file-002_99.xml"></doc>
</collection>