<?xml version="1.0" encoding="UTF-8"?>
<marc:record xmlns:marc="http://www.loc.gov/MARC21/slim">
   <marc:leader>01614cam a2200409 a 4500</marc:leader>
   <marc:controlfield tag="001">9915538596407426</marc:controlfield>
   <marc:controlfield tag="005">20240624195237.0</marc:controlfield>
   <marc:controlfield tag="008">130301s1944    dcu          f000 0 eng d</marc:controlfield>
   <marc:datafield ind1="7" ind2=" " tag="016">
      <marc:subfield code="a">CAT31116441</marc:subfield>
      <marc:subfield code="2">DNAL</marc:subfield>
   </marc:datafield>
   <marc:datafield ind1=" " ind2=" " tag="035">
      <marc:subfield code="a">1116441</marc:subfield>
   </marc:datafield>
   <marc:datafield ind1=" " ind2=" " tag="035">
      <marc:subfield code="a">(OCoLC)828733637</marc:subfield>
   </marc:datafield>
   <marc:datafield ind1=" " ind2=" " tag="035">
      <marc:subfield code="a">(DNAL)1116441-naldb-Voyager</marc:subfield>
   </marc:datafield>
   <marc:datafield ind1=" " ind2=" " tag="040">
      <marc:subfield code="a">AGL</marc:subfield>
      <marc:subfield code="b">eng</marc:subfield>
      <marc:subfield code="c">AGL</marc:subfield>
      <marc:subfield code="d">OCLCO</marc:subfield>
      <marc:subfield code="d">OCLCF</marc:subfield>
      <marc:subfield code="d">OCLCQ</marc:subfield>
      <marc:subfield code="d">AGL</marc:subfield>
   </marc:datafield>
   <marc:datafield ind1=" " ind2=" " tag="049">
      <marc:subfield code="a">AGLL</marc:subfield>
   </marc:datafield>
   <marc:datafield ind1="0" ind2=" " tag="070">
      <marc:subfield code="a">1.932</marc:subfield>
      <marc:subfield code="b">A2Ag82 no. 48 1944</marc:subfield>
   </marc:datafield>
   <marc:datafield ind1="1" ind2=" " tag="110">
      <marc:subfield code="a">United States.</marc:subfield>
      <marc:subfield code="b">Bureau of Agricultural and Industrial Chemistry.</marc:subfield>
      <marc:subfield code="0">http://id.loc.gov/authorities/names/n80145283</marc:subfield>
   </marc:datafield>
   <marc:datafield ind1="1" ind2="0" tag="245">
      <marc:subfield code="a">1943-44 annual naval stores report on production, distribution, consumption and stocks of turpentine and rosin of the United States by crop years :</marc:subfield>
      <marc:subfield code="b">April 1, 1943 - March 31, 1944.</marc:subfield>
   </marc:datafield>
   <marc:datafield ind1=" " ind2=" " tag="260">
      <marc:subfield code="a">[Washington, D.C.?] :</marc:subfield>
      <marc:subfield code="b">U.S. Dept. of Agriculture, Bureau of Agricultural and Industrial Chemistry,</marc:subfield>
      <marc:subfield code="c">1944.</marc:subfield>
   </marc:datafield>
   <marc:datafield ind1=" " ind2=" " tag="300">
      <marc:subfield code="a">11 pages ;</marc:subfield>
      <marc:subfield code="c">27 cm</marc:subfield>
   </marc:datafield>
   <marc:datafield ind1=" " ind2=" " tag="336">
      <marc:subfield code="a">text</marc:subfield>
      <marc:subfield code="b">txt</marc:subfield>
      <marc:subfield code="2">rdacontent</marc:subfield>
   </marc:datafield>
   <marc:datafield ind1=" " ind2=" " tag="337">
      <marc:subfield code="a">unmediated</marc:subfield>
      <marc:subfield code="b">n</marc:subfield>
      <marc:subfield code="2">rdamedia</marc:subfield>
   </marc:datafield>
   <marc:datafield ind1=" " ind2=" " tag="338">
      <marc:subfield code="a">volume</marc:subfield>
      <marc:subfield code="b">nc</marc:subfield>
      <marc:subfield code="2">rdacarrier</marc:subfield>
   </marc:datafield>
   <marc:datafield ind1="1" ind2=" " tag="490">
      <marc:subfield code="a">AIC ;</marc:subfield>
      <marc:subfield code="v">48</marc:subfield>
   </marc:datafield>
   <marc:datafield ind1=" " ind2=" " tag="591">
      <marc:subfield code="b">NAL Reclamation</marc:subfield>
   </marc:datafield>
   <marc:datafield ind1=" " ind2=" " tag="593">
      <marc:subfield code="f">Agricola CAT</marc:subfield>
   </marc:datafield>
   <marc:datafield ind1=" " ind2="0" tag="650">
      <marc:subfield code="a">Turpentine.</marc:subfield>
      <marc:subfield code="0">http://id.loc.gov/authorities/subjects/sh85138945</marc:subfield>
   </marc:datafield>
   <marc:datafield ind1=" " ind2="0" tag="650">
      <marc:subfield code="a">Gums and resins.</marc:subfield>
      <marc:subfield code="0">http://id.loc.gov/authorities/subjects/sh85057914</marc:subfield>
   </marc:datafield>
   <marc:datafield ind1=" " ind2="3" tag="655">
      <marc:subfield code="a">Internet resource.</marc:subfield>
   </marc:datafield>
   <marc:datafield ind1=" " ind2="0" tag="830">
      <marc:subfield code="a">AIC ;</marc:subfield>
      <marc:subfield code="v">48.</marc:subfield>
   </marc:datafield>
   <marc:datafield ind1="4" ind2="1" tag="856">
      <marc:subfield code="u">https://archive.org/details/194344annualnava48unit</marc:subfield>
   </marc:datafield>
   <marc:datafield ind1=" " ind2=" " tag="912">
      <marc:subfield code="a">nalcatalog</marc:subfield>
   </marc:datafield>
   <marc:datafield ind1=" " ind2=" " tag="930">
      <marc:subfield code="a">20140603</marc:subfield>
      <marc:subfield code="b">20140704</marc:subfield>
      <marc:subfield code="c">00000000</marc:subfield>
   </marc:datafield>
   <marc:datafield ind1=" " ind2=" " tag="939">
      <marc:subfield code="a">20130301</marc:subfield>
      <marc:subfield code="b">20130304</marc:subfield>
      <marc:subfield code="c">00000000</marc:subfield>
   </marc:datafield>
   <marc:datafield ind1=" " ind2=" " tag="945">
      <marc:subfield code="a">DigiMet</marc:subfield>
   </marc:datafield>
   <marc:datafield ind1=" " ind2=" " tag="946">
      <marc:subfield code="a">USDA</marc:subfield>
   </marc:datafield>
   <marc:datafield ind1=" " ind2=" " tag="958">
      <marc:subfield code="a">resource</marc:subfield>
      <marc:subfield code="b">e</marc:subfield>
      <marc:subfield code="c">2013-03-01</marc:subfield>
      <marc:subfield code="d">o</marc:subfield>
      <marc:subfield code="e">jondusko</marc:subfield>
      <marc:subfield code="h">recon</marc:subfield>
   </marc:datafield>
   <marc:datafield ind1=" " ind2=" " tag="994">
      <marc:subfield code="a">92</marc:subfield>
      <marc:subfield code="b">AGL</marc:subfield>
   </marc:datafield>
   <marc:datafield ind1=" " ind2=" " tag="AVA">
      <marc:subfield code="0">9915538596407426</marc:subfield>
      <marc:subfield code="8">22183797580007426</marc:subfield>
      <marc:subfield code="a">01NAL_INST</marc:subfield>
      <marc:subfield code="b">NAL</marc:subfield>
      <marc:subfield code="c">Stacks</marc:subfield>
      <marc:subfield code="d">1.932 A2Ag82 no. 48 1944</marc:subfield>
      <marc:subfield code="e">check_holdings</marc:subfield>
      <marc:subfield code="j">stacks</marc:subfield>
      <marc:subfield code="k">dnal</marc:subfield>
      <marc:subfield code="p">1</marc:subfield>
      <marc:subfield code="q">National Agricultural Library</marc:subfield>
   </marc:datafield>
   <marc:datafield ind1=" " ind2=" " tag="AVE">
      <marc:subfield code="8">53200477010007426</marc:subfield>
      <marc:subfield code="e">Available</marc:subfield>
      <marc:subfield code="l">NAL</marc:subfield>
      <marc:subfield code="a">01NAL_INST</marc:subfield>
      <marc:subfield code="0">9915538596407426</marc:subfield>
   </marc:datafield>
</marc:record>
