<?xml version="1.0" encoding="UTF-8"?>
<marc:record xmlns:marc="http://www.loc.gov/MARC21/slim">
   <marc:leader>01599cam a2200457Ia 4500</marc:leader>
   <marc:controlfield tag="001">9915437462607426</marc:controlfield>
   <marc:controlfield tag="005">20240624174013.0</marc:controlfield>
   <marc:controlfield tag="008">070504s1957    dcua         f000 0 eng d</marc:controlfield>
   <marc:datafield ind1="7" ind2=" " tag="016">
      <marc:subfield code="a">CAT31114974</marc:subfield>
      <marc:subfield code="2">DNAL</marc:subfield>
   </marc:datafield>
   <marc:datafield ind1=" " ind2=" " tag="035">
      <marc:subfield code="a">1114974</marc:subfield>
   </marc:datafield>
   <marc:datafield ind1=" " ind2=" " tag="035">
      <marc:subfield code="a">(OCoLC)123995845</marc:subfield>
   </marc:datafield>
   <marc:datafield ind1=" " ind2=" " tag="035">
      <marc:subfield code="a">(DNAL)1114974-naldb-Voyager</marc:subfield>
   </marc:datafield>
   <marc:datafield ind1=" " ind2=" " tag="040">
      <marc:subfield code="a">CUV</marc:subfield>
      <marc:subfield code="b">eng</marc:subfield>
      <marc:subfield code="c">CUV</marc:subfield>
      <marc:subfield code="d">OCLCF</marc:subfield>
      <marc:subfield code="d">OCLCO</marc:subfield>
      <marc:subfield code="d">OCLCQ</marc:subfield>
      <marc:subfield code="d">GPO</marc:subfield>
      <marc:subfield code="d">AGL</marc:subfield>
   </marc:datafield>
   <marc:datafield ind1=" " ind2=" " tag="043">
      <marc:subfield code="a">n-us---</marc:subfield>
   </marc:datafield>
   <marc:datafield ind1=" " ind2=" " tag="049">
      <marc:subfield code="a">AGLL</marc:subfield>
   </marc:datafield>
   <marc:datafield ind1="0" ind2=" " tag="070">
      <marc:subfield code="a">A280.29</marc:subfield>
      <marc:subfield code="b">F22I no. 6 1957</marc:subfield>
   </marc:datafield>
   <marc:datafield ind1="0" ind2=" " tag="086">
      <marc:subfield code="a">A 89.15:6</marc:subfield>
   </marc:datafield>
   <marc:datafield ind1="1" ind2=" " tag="100">
      <marc:subfield code="a">Rust, Irwin W.</marc:subfield>
      <marc:subfield code="q">(Irwin Walter),</marc:subfield>
      <marc:subfield code="d">1909-</marc:subfield>
   </marc:datafield>
   <marc:datafield ind1="1" ind2="0" tag="245">
      <marc:subfield code="a">"Mr. Chairman--" /</marc:subfield>
      <marc:subfield code="c">by Irwin W. Rust.</marc:subfield>
   </marc:datafield>
   <marc:datafield ind1=" " ind2=" " tag="260">
      <marc:subfield code="a">Washington, D.C. :</marc:subfield>
      <marc:subfield code="b">Farmer Cooperative Service, U.S. Dept. of Agriculture,</marc:subfield>
      <marc:subfield code="c">[1957]</marc:subfield>
   </marc:datafield>
   <marc:datafield ind1=" " ind2=" " tag="300">
      <marc:subfield code="a">12 pages :</marc:subfield>
      <marc:subfield code="b">illustrations ;</marc:subfield>
      <marc:subfield code="c">23 cm.</marc:subfield>
   </marc:datafield>
   <marc:datafield ind1=" " ind2=" " tag="336">
      <marc:subfield code="a">text</marc:subfield>
      <marc:subfield code="b">txt</marc:subfield>
      <marc:subfield code="2">rdacontent</marc:subfield>
   </marc:datafield>
   <marc:datafield ind1=" " ind2=" " tag="337">
      <marc:subfield code="a">unmediated</marc:subfield>
      <marc:subfield code="b">n</marc:subfield>
      <marc:subfield code="2">rdamedia</marc:subfield>
   </marc:datafield>
   <marc:datafield ind1=" " ind2=" " tag="338">
      <marc:subfield code="a">volume</marc:subfield>
      <marc:subfield code="b">nc</marc:subfield>
      <marc:subfield code="2">rdacarrier</marc:subfield>
   </marc:datafield>
   <marc:datafield ind1="1" ind2=" " tag="490">
      <marc:subfield code="a">Information / Farmer Cooperative Service ;</marc:subfield>
      <marc:subfield code="v">6</marc:subfield>
   </marc:datafield>
   <marc:datafield ind1=" " ind2=" " tag="591">
      <marc:subfield code="b">NAL Reclamation</marc:subfield>
   </marc:datafield>
   <marc:datafield ind1=" " ind2=" " tag="593">
      <marc:subfield code="f">Agricola CAT</marc:subfield>
   </marc:datafield>
   <marc:datafield ind1=" " ind2="0" tag="650">
      <marc:subfield code="a">Parliamentary practice</marc:subfield>
      <marc:subfield code="z">United States.</marc:subfield>
   </marc:datafield>
   <marc:datafield ind1=" " ind2="0" tag="650">
      <marc:subfield code="a">Agriculture, Cooperative</marc:subfield>
      <marc:subfield code="z">United States.</marc:subfield>
   </marc:datafield>
   <marc:datafield ind1=" " ind2="7" tag="651">
      <marc:subfield code="a">United States.</marc:subfield>
      <marc:subfield code="2">fast</marc:subfield>
      <marc:subfield code="0">(OCoLC)fst01204155</marc:subfield>
   </marc:datafield>
   <marc:datafield ind1=" " ind2="3" tag="655">
      <marc:subfield code="a">Internet resource.</marc:subfield>
   </marc:datafield>
   <marc:datafield ind1="1" ind2=" " tag="710">
      <marc:subfield code="a">United States.</marc:subfield>
      <marc:subfield code="b">Farmer Cooperative Service.</marc:subfield>
      <marc:subfield code="0">http://id.loc.gov/authorities/names/n79086753</marc:subfield>
   </marc:datafield>
   <marc:datafield ind1=" " ind2="0" tag="830">
      <marc:subfield code="a">FCS information ;</marc:subfield>
      <marc:subfield code="v">6.</marc:subfield>
   </marc:datafield>
   <marc:datafield ind1="4" ind2="1" tag="856">
      <marc:subfield code="u">https://archive.org/details/mrchairman06rust</marc:subfield>
   </marc:datafield>
   <marc:datafield ind1=" " ind2=" " tag="912">
      <marc:subfield code="a">nalcatalog</marc:subfield>
   </marc:datafield>
   <marc:datafield ind1=" " ind2=" " tag="930">
      <marc:subfield code="a">20140305</marc:subfield>
      <marc:subfield code="b">20140404</marc:subfield>
      <marc:subfield code="c">00000000</marc:subfield>
   </marc:datafield>
   <marc:datafield ind1=" " ind2=" " tag="939">
      <marc:subfield code="a">20130213</marc:subfield>
      <marc:subfield code="b">20130304</marc:subfield>
      <marc:subfield code="c">00000000</marc:subfield>
   </marc:datafield>
   <marc:datafield ind1=" " ind2=" " tag="945">
      <marc:subfield code="a">DigiMet</marc:subfield>
   </marc:datafield>
   <marc:datafield ind1=" " ind2=" " tag="946">
      <marc:subfield code="a">USDA</marc:subfield>
   </marc:datafield>
   <marc:datafield ind1=" " ind2=" " tag="958">
      <marc:subfield code="a">resource</marc:subfield>
      <marc:subfield code="b">e</marc:subfield>
      <marc:subfield code="c">2013-02-13</marc:subfield>
      <marc:subfield code="d">n</marc:subfield>
      <marc:subfield code="e">mbonet</marc:subfield>
      <marc:subfield code="h">recon</marc:subfield>
   </marc:datafield>
   <marc:datafield ind1=" " ind2=" " tag="994">
      <marc:subfield code="a">92</marc:subfield>
      <marc:subfield code="b">AGL</marc:subfield>
   </marc:datafield>
   <marc:datafield ind1=" " ind2=" " tag="AVA">
      <marc:subfield code="0">9915437462607426</marc:subfield>
      <marc:subfield code="8">22156513590007426</marc:subfield>
      <marc:subfield code="a">01NAL_INST</marc:subfield>
      <marc:subfield code="b">NAL</marc:subfield>
      <marc:subfield code="c">Stacks</marc:subfield>
      <marc:subfield code="d">A280.29 F22I no. 6 1957</marc:subfield>
      <marc:subfield code="e">check_holdings</marc:subfield>
      <marc:subfield code="j">stacks</marc:subfield>
      <marc:subfield code="k">dnal</marc:subfield>
      <marc:subfield code="p">1</marc:subfield>
      <marc:subfield code="q">National Agricultural Library</marc:subfield>
   </marc:datafield>
   <marc:datafield ind1=" " ind2=" " tag="AVE">
      <marc:subfield code="8">53201894530007426</marc:subfield>
      <marc:subfield code="e">Available</marc:subfield>
      <marc:subfield code="l">NAL</marc:subfield>
      <marc:subfield code="a">01NAL_INST</marc:subfield>
      <marc:subfield code="0">9915437462607426</marc:subfield>
   </marc:datafield>
</marc:record>
