<?xml version="1.0" encoding="UTF-8"?>
<marc:record xmlns:marc="http://www.loc.gov/MARC21/slim">
   <marc:leader>01997cam a2200517Ia 4500</marc:leader>
   <marc:controlfield tag="001">9915467838807426</marc:controlfield>
   <marc:controlfield tag="005">20240624173127.0</marc:controlfield>
   <marc:controlfield tag="008">071001s1907    mdua     c    001 0 eng d</marc:controlfield>
   <marc:datafield ind1="7" ind2=" " tag="016">
      <marc:subfield code="a">CAT31118790</marc:subfield>
      <marc:subfield code="2">DNAL</marc:subfield>
   </marc:datafield>
   <marc:datafield ind1=" " ind2=" " tag="035">
      <marc:subfield code="a">1118790</marc:subfield>
   </marc:datafield>
   <marc:datafield ind1=" " ind2=" " tag="035">
      <marc:subfield code="a">(OCoLC)173515219</marc:subfield>
   </marc:datafield>
   <marc:datafield ind1=" " ind2=" " tag="035">
      <marc:subfield code="a">(DNAL)1118790-naldb-Voyager</marc:subfield>
   </marc:datafield>
   <marc:datafield ind1=" " ind2=" " tag="040">
      <marc:subfield code="a">NRC</marc:subfield>
      <marc:subfield code="b">eng</marc:subfield>
      <marc:subfield code="c">NRC</marc:subfield>
      <marc:subfield code="d">OCLCQ</marc:subfield>
      <marc:subfield code="d">OCLCO</marc:subfield>
      <marc:subfield code="d">OCLCQ</marc:subfield>
      <marc:subfield code="d">OCLCF</marc:subfield>
      <marc:subfield code="d">OCLCO</marc:subfield>
      <marc:subfield code="d">OCLCA</marc:subfield>
      <marc:subfield code="d">AGL</marc:subfield>
   </marc:datafield>
   <marc:datafield ind1=" " ind2=" " tag="043">
      <marc:subfield code="a">n-us-md</marc:subfield>
   </marc:datafield>
   <marc:datafield ind1=" " ind2=" " tag="049">
      <marc:subfield code="a">AGLL</marc:subfield>
   </marc:datafield>
   <marc:datafield ind1=" " ind2="0" tag="050">
      <marc:subfield code="a">SB454.8</marc:subfield>
      <marc:subfield code="b">.G75 1907</marc:subfield>
   </marc:datafield>
   <marc:datafield ind1="0" ind2=" " tag="070">
      <marc:subfield code="a">62.37</marc:subfield>
      <marc:subfield code="b">1907</marc:subfield>
   </marc:datafield>
   <marc:datafield ind1="2" ind2=" " tag="110">
      <marc:subfield code="a">Griffith and Turner Co.</marc:subfield>
   </marc:datafield>
   <marc:datafield ind1="1" ind2="0" tag="245">
      <marc:subfield code="a">1907 Griffith and Turner Co. farm and garden supplies.</marc:subfield>
      <marc:subfield code="n">Catalogue no. 20.</marc:subfield>
   </marc:datafield>
   <marc:datafield ind1="3" ind2="0" tag="246">
      <marc:subfield code="a">Farm and garden supplies catalogue</marc:subfield>
   </marc:datafield>
   <marc:datafield ind1="3" ind2="0" tag="246">
      <marc:subfield code="a">Griffith and Turner Co. farm and garden supplies</marc:subfield>
   </marc:datafield>
   <marc:datafield ind1=" " ind2=" " tag="260">
      <marc:subfield code="a">Baltimore, MD :</marc:subfield>
      <marc:subfield code="b">Griffith and Turner Co.,</marc:subfield>
      <marc:subfield code="c">1907.</marc:subfield>
   </marc:datafield>
   <marc:datafield ind1=" " ind2=" " tag="300">
      <marc:subfield code="a">160 :</marc:subfield>
      <marc:subfield code="b">illustrations ;</marc:subfield>
      <marc:subfield code="c">26 cm</marc:subfield>
   </marc:datafield>
   <marc:datafield ind1=" " ind2=" " tag="336">
      <marc:subfield code="a">text</marc:subfield>
      <marc:subfield code="b">txt</marc:subfield>
      <marc:subfield code="2">rdacontent</marc:subfield>
   </marc:datafield>
   <marc:datafield ind1=" " ind2=" " tag="337">
      <marc:subfield code="a">unmediated</marc:subfield>
      <marc:subfield code="b">n</marc:subfield>
      <marc:subfield code="2">rdamedia</marc:subfield>
   </marc:datafield>
   <marc:datafield ind1=" " ind2=" " tag="591">
      <marc:subfield code="b">NAL Reclamation</marc:subfield>
   </marc:datafield>
   <marc:datafield ind1=" " ind2=" " tag="593">
      <marc:subfield code="f">Agricola CAT</marc:subfield>
   </marc:datafield>
   <marc:datafield ind1=" " ind2="0" tag="650">
      <marc:subfield code="a">Gardening</marc:subfield>
      <marc:subfield code="x">Equipment and supplies</marc:subfield>
      <marc:subfield code="v">Catalogs.</marc:subfield>
   </marc:datafield>
   <marc:datafield ind1=" " ind2="0" tag="650">
      <marc:subfield code="a">Seeds</marc:subfield>
      <marc:subfield code="v">Catalogs.</marc:subfield>
   </marc:datafield>
   <marc:datafield ind1=" " ind2="0" tag="650">
      <marc:subfield code="a">Flowers</marc:subfield>
      <marc:subfield code="v">Catalogs.</marc:subfield>
   </marc:datafield>
   <marc:datafield ind1=" " ind2="0" tag="650">
      <marc:subfield code="a">Seed industry and trade</marc:subfield>
      <marc:subfield code="z">Maryland.</marc:subfield>
   </marc:datafield>
   <marc:datafield ind1=" " ind2="7" tag="651">
      <marc:subfield code="a">Maryland.</marc:subfield>
      <marc:subfield code="2">fast</marc:subfield>
      <marc:subfield code="0">(OCoLC)fst01204739</marc:subfield>
   </marc:datafield>
   <marc:datafield ind1=" " ind2="0" tag="655">
      <marc:subfield code="a">Trade catalogs</marc:subfield>
      <marc:subfield code="x">Agriculture.</marc:subfield>
   </marc:datafield>
   <marc:datafield ind1=" " ind2="0" tag="655">
      <marc:subfield code="a">Trade catalogs</marc:subfield>
      <marc:subfield code="x">Farm equipment.</marc:subfield>
   </marc:datafield>
   <marc:datafield ind1=" " ind2="7" tag="655">
      <marc:subfield code="a">Catalogs.</marc:subfield>
      <marc:subfield code="2">fast</marc:subfield>
      <marc:subfield code="0">(OCoLC)fst01423692</marc:subfield>
   </marc:datafield>
   <marc:datafield ind1=" " ind2="7" tag="655">
      <marc:subfield code="a">Trade catalogs.</marc:subfield>
      <marc:subfield code="2">fast</marc:subfield>
      <marc:subfield code="0">(OCoLC)fst01919982</marc:subfield>
   </marc:datafield>
   <marc:datafield ind1=" " ind2="7" tag="655">
      <marc:subfield code="a">Trade catalogs.</marc:subfield>
      <marc:subfield code="2">lcgft</marc:subfield>
      <marc:subfield code="0">http://id.loc.gov/authorities/genreForms/gf2014026198</marc:subfield>
   </marc:datafield>
   <marc:datafield ind1="0" ind2="8" tag="776">
      <marc:subfield code="i">Online version:</marc:subfield>
      <marc:subfield code="a">Griffith and Turner Co.</marc:subfield>
      <marc:subfield code="t">1907 Griffith and Turner Co. farm and garden supplies. Catalogue no. 20.</marc:subfield>
      <marc:subfield code="d">Baltimore, MD : Griffith and Turner Co., 1907</marc:subfield>
      <marc:subfield code="w">(OCoLC)749121078</marc:subfield>
   </marc:datafield>
   <marc:datafield ind1="4" ind2="1" tag="856">
      <marc:subfield code="u">https://archive.org/details/1907griffithturn1907grif</marc:subfield>
   </marc:datafield>
   <marc:datafield ind1=" " ind2=" " tag="912">
      <marc:subfield code="a">nalcatalog</marc:subfield>
   </marc:datafield>
   <marc:datafield ind1=" " ind2=" " tag="930">
      <marc:subfield code="a">20140411</marc:subfield>
      <marc:subfield code="b">20140502</marc:subfield>
      <marc:subfield code="c">00000000</marc:subfield>
   </marc:datafield>
   <marc:datafield ind1=" " ind2=" " tag="939">
      <marc:subfield code="a">20130326</marc:subfield>
      <marc:subfield code="b">20130404</marc:subfield>
      <marc:subfield code="c">00000000</marc:subfield>
   </marc:datafield>
   <marc:datafield ind1=" " ind2=" " tag="945">
      <marc:subfield code="a">DigiMet</marc:subfield>
   </marc:datafield>
   <marc:datafield ind1=" " ind2=" " tag="946">
      <marc:subfield code="a">Other US</marc:subfield>
   </marc:datafield>
   <marc:datafield ind1=" " ind2=" " tag="958">
      <marc:subfield code="a">resource</marc:subfield>
      <marc:subfield code="b">e</marc:subfield>
      <marc:subfield code="c">2013-03-26</marc:subfield>
      <marc:subfield code="d">n</marc:subfield>
      <marc:subfield code="e">jondusko</marc:subfield>
      <marc:subfield code="h">recon</marc:subfield>
   </marc:datafield>
   <marc:datafield ind1=" " ind2=" " tag="994">
      <marc:subfield code="a">92</marc:subfield>
      <marc:subfield code="b">AGL</marc:subfield>
   </marc:datafield>
   <marc:datafield ind1=" " ind2=" " tag="AVA">
      <marc:subfield code="0">9915467838807426</marc:subfield>
      <marc:subfield code="8">22164397680007426</marc:subfield>
      <marc:subfield code="a">01NAL_INST</marc:subfield>
      <marc:subfield code="b">NAL</marc:subfield>
      <marc:subfield code="c">Stacks</marc:subfield>
      <marc:subfield code="d">62.37 1907</marc:subfield>
      <marc:subfield code="e">check_holdings</marc:subfield>
      <marc:subfield code="j">stacks</marc:subfield>
      <marc:subfield code="k">dnal</marc:subfield>
      <marc:subfield code="p">1</marc:subfield>
      <marc:subfield code="q">National Agricultural Library</marc:subfield>
   </marc:datafield>
   <marc:datafield ind1=" " ind2=" " tag="AVE">
      <marc:subfield code="8">53198293720007426</marc:subfield>
      <marc:subfield code="e">Available</marc:subfield>
      <marc:subfield code="l">NAL</marc:subfield>
      <marc:subfield code="a">01NAL_INST</marc:subfield>
      <marc:subfield code="0">9915467838807426</marc:subfield>
   </marc:datafield>
</marc:record>
