<?xml version="1.0" encoding="UTF-8"?>
<marc:record xmlns:marc="http://www.loc.gov/MARC21/slim">
   <marc:leader>01741cam a2200433Ma 4500</marc:leader>
   <marc:controlfield tag="001">9915440118007426</marc:controlfield>
   <marc:controlfield tag="005">20240620142611.0</marc:controlfield>
   <marc:controlfield tag="008">910224s1960    cauab        f000 0 eng d</marc:controlfield>
   <marc:datafield ind1="7" ind2=" " tag="016">
      <marc:subfield code="a">CAT31011753</marc:subfield>
      <marc:subfield code="2">DNAL</marc:subfield>
   </marc:datafield>
   <marc:datafield ind1=" " ind2=" " tag="035">
      <marc:subfield code="a">1011753</marc:subfield>
   </marc:datafield>
   <marc:datafield ind1=" " ind2=" " tag="035">
      <marc:subfield code="a">(OCoLC)220955008</marc:subfield>
   </marc:datafield>
   <marc:datafield ind1=" " ind2=" " tag="035">
      <marc:subfield code="a">(DNAL)1011753-naldb-Voyager</marc:subfield>
   </marc:datafield>
   <marc:datafield ind1=" " ind2=" " tag="040">
      <marc:subfield code="a">AU@</marc:subfield>
      <marc:subfield code="b">eng</marc:subfield>
      <marc:subfield code="c">AU@</marc:subfield>
      <marc:subfield code="d">AGL</marc:subfield>
      <marc:subfield code="d">MTG</marc:subfield>
      <marc:subfield code="d">OCLCF</marc:subfield>
      <marc:subfield code="d">OCLCQ</marc:subfield>
   </marc:datafield>
   <marc:datafield ind1=" " ind2=" " tag="049">
      <marc:subfield code="a">AGLL</marc:subfield>
   </marc:datafield>
   <marc:datafield ind1="0" ind2=" " tag="070">
      <marc:subfield code="a">1.9622</marc:subfield>
      <marc:subfield code="b">C2M68 no. 54</marc:subfield>
   </marc:datafield>
   <marc:datafield ind1="0" ind2=" " tag="086">
      <marc:subfield code="a">A 13.62/9:54</marc:subfield>
   </marc:datafield>
   <marc:datafield ind1="1" ind2=" " tag="100">
      <marc:subfield code="a">Pirsko, Arthur R.</marc:subfield>
   </marc:datafield>
   <marc:datafield ind1="1" ind2="0" tag="245">
      <marc:subfield code="a">1960 fire weather severity in California /</marc:subfield>
      <marc:subfield code="c">by Arthur R. Pirsko.</marc:subfield>
   </marc:datafield>
   <marc:datafield ind1=" " ind2=" " tag="260">
      <marc:subfield code="a">Berkeley, Calif. :</marc:subfield>
      <marc:subfield code="b">U.S. Dept. of Agriculture, Pacific Southwest Forest and Experiment Sation,</marc:subfield>
      <marc:subfield code="c">[1960]</marc:subfield>
   </marc:datafield>
   <marc:datafield ind1=" " ind2=" " tag="300">
      <marc:subfield code="a">14 pages :</marc:subfield>
      <marc:subfield code="b">illustrations, map ;</marc:subfield>
      <marc:subfield code="c">28 cm.</marc:subfield>
   </marc:datafield>
   <marc:datafield ind1=" " ind2=" " tag="336">
      <marc:subfield code="a">text</marc:subfield>
      <marc:subfield code="b">txt</marc:subfield>
      <marc:subfield code="2">rdacontent</marc:subfield>
   </marc:datafield>
   <marc:datafield ind1=" " ind2=" " tag="337">
      <marc:subfield code="a">unmediated</marc:subfield>
      <marc:subfield code="b">n</marc:subfield>
      <marc:subfield code="2">rdamedia</marc:subfield>
   </marc:datafield>
   <marc:datafield ind1=" " ind2=" " tag="338">
      <marc:subfield code="a">volume</marc:subfield>
      <marc:subfield code="b">nc</marc:subfield>
      <marc:subfield code="2">rdacarrier</marc:subfield>
   </marc:datafield>
   <marc:datafield ind1="1" ind2=" " tag="490">
      <marc:subfield code="a">Miscellaneous paper / Pacific Southwest Forest and Experiment Station ;</marc:subfield>
      <marc:subfield code="v">no. 54</marc:subfield>
   </marc:datafield>
   <marc:datafield ind1=" " ind2=" " tag="591">
      <marc:subfield code="b">NAL Reclamation</marc:subfield>
   </marc:datafield>
   <marc:datafield ind1=" " ind2=" " tag="593">
      <marc:subfield code="f">Agricola CAT</marc:subfield>
   </marc:datafield>
   <marc:datafield ind1=" " ind2="0" tag="650">
      <marc:subfield code="a">Fire weather.</marc:subfield>
      <marc:subfield code="0">http://id.loc.gov/authorities/subjects/sh85048531</marc:subfield>
   </marc:datafield>
   <marc:datafield ind1=" " ind2="0" tag="650">
      <marc:subfield code="a">Forest fires.</marc:subfield>
      <marc:subfield code="0">http://id.loc.gov/authorities/subjects/sh85050582</marc:subfield>
   </marc:datafield>
   <marc:datafield ind1=" " ind2="3" tag="655">
      <marc:subfield code="a">Internet resource.</marc:subfield>
   </marc:datafield>
   <marc:datafield ind1="2" ind2=" " tag="710">
      <marc:subfield code="a">Pacific Southwest Forest and Range Experiment Station (Berkeley, Calif.)</marc:subfield>
      <marc:subfield code="0">http://id.loc.gov/authorities/names/n80044739</marc:subfield>
   </marc:datafield>
   <marc:datafield ind1=" " ind2="0" tag="830">
      <marc:subfield code="a">Miscellaneous paper (Pacific Southwest Forest and Range Experiment Station (Berkeley, Calif.)) ;</marc:subfield>
      <marc:subfield code="v">no. 54.</marc:subfield>
   </marc:datafield>
   <marc:datafield ind1="4" ind2="1" tag="856">
      <marc:subfield code="u">https://archive.org/details/1960fireweathers54pirs</marc:subfield>
   </marc:datafield>
   <marc:datafield ind1=" " ind2=" " tag="912">
      <marc:subfield code="a">nalcatalog</marc:subfield>
   </marc:datafield>
   <marc:datafield ind1=" " ind2=" " tag="930">
      <marc:subfield code="a">20140505</marc:subfield>
      <marc:subfield code="b">20140606</marc:subfield>
      <marc:subfield code="c">00000000</marc:subfield>
   </marc:datafield>
   <marc:datafield ind1=" " ind2=" " tag="939">
      <marc:subfield code="a">20081029</marc:subfield>
      <marc:subfield code="b">20081101</marc:subfield>
      <marc:subfield code="c">00000000</marc:subfield>
   </marc:datafield>
   <marc:datafield ind1=" " ind2=" " tag="939">
      <marc:subfield code="a">20080910</marc:subfield>
      <marc:subfield code="b">20081011</marc:subfield>
      <marc:subfield code="c">00000000</marc:subfield>
   </marc:datafield>
   <marc:datafield ind1=" " ind2=" " tag="945">
      <marc:subfield code="d">vshen</marc:subfield>
      <marc:subfield code="e">2008/09/03</marc:subfield>
   </marc:datafield>
   <marc:datafield ind1=" " ind2=" " tag="946">
      <marc:subfield code="a">USDA</marc:subfield>
   </marc:datafield>
   <marc:datafield ind1=" " ind2=" " tag="994">
      <marc:subfield code="a">92</marc:subfield>
      <marc:subfield code="b">AGL</marc:subfield>
   </marc:datafield>
   <marc:datafield ind1=" " ind2=" " tag="AVA">
      <marc:subfield code="0">9915440118007426</marc:subfield>
      <marc:subfield code="8">22157194310007426</marc:subfield>
      <marc:subfield code="a">01NAL_INST</marc:subfield>
      <marc:subfield code="b">NAL</marc:subfield>
      <marc:subfield code="c">Stacks</marc:subfield>
      <marc:subfield code="d">1.9622 C2M68 no. 54</marc:subfield>
      <marc:subfield code="e">available</marc:subfield>
      <marc:subfield code="f">1</marc:subfield>
      <marc:subfield code="g">0</marc:subfield>
      <marc:subfield code="j">stacks</marc:subfield>
      <marc:subfield code="k">dnal</marc:subfield>
      <marc:subfield code="p">1</marc:subfield>
      <marc:subfield code="q">National Agricultural Library</marc:subfield>
   </marc:datafield>
   <marc:datafield ind1=" " ind2=" " tag="AVE">
      <marc:subfield code="8">53200493600007426</marc:subfield>
      <marc:subfield code="e">Available</marc:subfield>
      <marc:subfield code="l">NAL</marc:subfield>
      <marc:subfield code="a">01NAL_INST</marc:subfield>
      <marc:subfield code="0">9915440118007426</marc:subfield>
   </marc:datafield>
</marc:record>
