<?xml version="1.0" encoding="UTF-8"?>
<marc:record xmlns:marc="http://www.loc.gov/MARC21/slim">
   <marc:leader>01473cam a2200421 a 4500</marc:leader>
   <marc:controlfield tag="001">9915486325507426</marc:controlfield>
   <marc:controlfield tag="005">20240624192249.0</marc:controlfield>
   <marc:controlfield tag="008">130128s1967    dcu      s   f000 0 eng d</marc:controlfield>
   <marc:datafield ind1="7" ind2=" " tag="016">
      <marc:subfield code="a">CAT31112894</marc:subfield>
      <marc:subfield code="2">DNAL</marc:subfield>
   </marc:datafield>
   <marc:datafield ind1=" " ind2=" " tag="035">
      <marc:subfield code="a">1112894</marc:subfield>
   </marc:datafield>
   <marc:datafield ind1=" " ind2=" " tag="035">
      <marc:subfield code="a">(OCoLC)825551788</marc:subfield>
   </marc:datafield>
   <marc:datafield ind1=" " ind2=" " tag="035">
      <marc:subfield code="a">(DNAL)1112894-naldb-Voyager</marc:subfield>
   </marc:datafield>
   <marc:datafield ind1=" " ind2=" " tag="040">
      <marc:subfield code="a">AGL</marc:subfield>
      <marc:subfield code="b">eng</marc:subfield>
      <marc:subfield code="c">AGL</marc:subfield>
      <marc:subfield code="d">OCLCF</marc:subfield>
      <marc:subfield code="d">OCLCQ</marc:subfield>
      <marc:subfield code="d">OCLCO</marc:subfield>
      <marc:subfield code="d">OCLCQ</marc:subfield>
      <marc:subfield code="d">AGL</marc:subfield>
   </marc:datafield>
   <marc:datafield ind1=" " ind2=" " tag="049">
      <marc:subfield code="a">AGLL</marc:subfield>
   </marc:datafield>
   <marc:datafield ind1="0" ind2=" " tag="070">
      <marc:subfield code="a">1.9</marc:subfield>
      <marc:subfield code="b">Ex892Esc no. 564 1967</marc:subfield>
   </marc:datafield>
   <marc:datafield ind1="1" ind2=" " tag="100">
      <marc:subfield code="a">Larson, Grace E.</marc:subfield>
   </marc:datafield>
   <marc:datafield ind1="1" ind2="0" tag="245">
      <marc:subfield code="a">1963 statistics on activities of Cooperative Extension Service /</marc:subfield>
      <marc:subfield code="c">[Grace E. Larson].</marc:subfield>
   </marc:datafield>
   <marc:datafield ind1=" " ind2=" " tag="260">
      <marc:subfield code="a">Washington, D.C. :</marc:subfield>
      <marc:subfield code="b">U.S. Dept. of Agriculture, Federal Extension Service,</marc:subfield>
      <marc:subfield code="c">[1967?]</marc:subfield>
   </marc:datafield>
   <marc:datafield ind1=" " ind2=" " tag="300">
      <marc:subfield code="a">17 pages ;</marc:subfield>
      <marc:subfield code="c">27 cm</marc:subfield>
   </marc:datafield>
   <marc:datafield ind1=" " ind2=" " tag="336">
      <marc:subfield code="a">text</marc:subfield>
      <marc:subfield code="b">txt</marc:subfield>
      <marc:subfield code="2">rdacontent</marc:subfield>
   </marc:datafield>
   <marc:datafield ind1=" " ind2=" " tag="337">
      <marc:subfield code="a">unmediated</marc:subfield>
      <marc:subfield code="b">n</marc:subfield>
      <marc:subfield code="2">rdamedia</marc:subfield>
   </marc:datafield>
   <marc:datafield ind1=" " ind2=" " tag="338">
      <marc:subfield code="a">volume</marc:subfield>
      <marc:subfield code="b">nc</marc:subfield>
      <marc:subfield code="2">rdacarrier</marc:subfield>
   </marc:datafield>
   <marc:datafield ind1="1" ind2=" " tag="490">
      <marc:subfield code="a">ESC ;</marc:subfield>
      <marc:subfield code="v">564</marc:subfield>
   </marc:datafield>
   <marc:datafield ind1=" " ind2=" " tag="591">
      <marc:subfield code="b">NAL Reclamation</marc:subfield>
   </marc:datafield>
   <marc:datafield ind1=" " ind2=" " tag="593">
      <marc:subfield code="f">Agricola CAT</marc:subfield>
   </marc:datafield>
   <marc:datafield ind1=" " ind2="0" tag="650">
      <marc:subfield code="a">Agricultural extension work</marc:subfield>
      <marc:subfield code="v">Statistics.</marc:subfield>
   </marc:datafield>
   <marc:datafield ind1=" " ind2="3" tag="655">
      <marc:subfield code="a">Internet resource.</marc:subfield>
   </marc:datafield>
   <marc:datafield ind1=" " ind2="7" tag="655">
      <marc:subfield code="a">Statistics.</marc:subfield>
      <marc:subfield code="2">fast</marc:subfield>
      <marc:subfield code="0">(OCoLC)fst01423727</marc:subfield>
   </marc:datafield>
   <marc:datafield ind1="1" ind2=" " tag="710">
      <marc:subfield code="a">United States.</marc:subfield>
      <marc:subfield code="b">Federal Extension Service.</marc:subfield>
      <marc:subfield code="0">http://id.loc.gov/authorities/names/n80120738</marc:subfield>
   </marc:datafield>
   <marc:datafield ind1=" " ind2="0" tag="830">
      <marc:subfield code="a">ESC (Series) ;</marc:subfield>
      <marc:subfield code="v">564.</marc:subfield>
   </marc:datafield>
   <marc:datafield ind1="4" ind2="1" tag="856">
      <marc:subfield code="u">https://archive.org/details/1963statisticson56lars</marc:subfield>
   </marc:datafield>
   <marc:datafield ind1=" " ind2=" " tag="912">
      <marc:subfield code="a">nalcatalog</marc:subfield>
   </marc:datafield>
   <marc:datafield ind1=" " ind2=" " tag="930">
      <marc:subfield code="a">20140305</marc:subfield>
      <marc:subfield code="b">20140404</marc:subfield>
      <marc:subfield code="c">00000000</marc:subfield>
   </marc:datafield>
   <marc:datafield ind1=" " ind2=" " tag="939">
      <marc:subfield code="a">20130128</marc:subfield>
      <marc:subfield code="b">20130201</marc:subfield>
      <marc:subfield code="c">00000000</marc:subfield>
   </marc:datafield>
   <marc:datafield ind1=" " ind2=" " tag="945">
      <marc:subfield code="a">DigiMet</marc:subfield>
   </marc:datafield>
   <marc:datafield ind1=" " ind2=" " tag="946">
      <marc:subfield code="a">USDA</marc:subfield>
   </marc:datafield>
   <marc:datafield ind1=" " ind2=" " tag="958">
      <marc:subfield code="a">resource</marc:subfield>
      <marc:subfield code="b">e</marc:subfield>
      <marc:subfield code="c">2013-01-28</marc:subfield>
      <marc:subfield code="d">o</marc:subfield>
      <marc:subfield code="e">jondusko</marc:subfield>
      <marc:subfield code="h">recon</marc:subfield>
   </marc:datafield>
   <marc:datafield ind1=" " ind2=" " tag="994">
      <marc:subfield code="a">92</marc:subfield>
      <marc:subfield code="b">AGL</marc:subfield>
   </marc:datafield>
   <marc:datafield ind1=" " ind2=" " tag="AVA">
      <marc:subfield code="0">9915486325507426</marc:subfield>
      <marc:subfield code="8">22169233430007426</marc:subfield>
      <marc:subfield code="a">01NAL_INST</marc:subfield>
      <marc:subfield code="b">NAL</marc:subfield>
      <marc:subfield code="c">Stacks</marc:subfield>
      <marc:subfield code="d">1.9 Ex892Esc no. 564 1967</marc:subfield>
      <marc:subfield code="e">check_holdings</marc:subfield>
      <marc:subfield code="j">stacks</marc:subfield>
      <marc:subfield code="k">dnal</marc:subfield>
      <marc:subfield code="p">1</marc:subfield>
      <marc:subfield code="q">National Agricultural Library</marc:subfield>
   </marc:datafield>
   <marc:datafield ind1=" " ind2=" " tag="AVE">
      <marc:subfield code="8">53199954640007426</marc:subfield>
      <marc:subfield code="e">Available</marc:subfield>
      <marc:subfield code="l">NAL</marc:subfield>
      <marc:subfield code="a">01NAL_INST</marc:subfield>
      <marc:subfield code="0">9915486325507426</marc:subfield>
   </marc:datafield>
</marc:record>
