<?xml version="1.0" encoding="UTF-8"?>
<marc:record xmlns:marc="http://www.loc.gov/MARC21/slim">
   <marc:leader>02249cam a2200517I  4500</marc:leader>
   <marc:controlfield tag="001">9915533622207426</marc:controlfield>
   <marc:controlfield tag="005">20240624175926.0</marc:controlfield>
   <marc:controlfield tag="008">900509s1911    dcua         f000 0 eng c</marc:controlfield>
   <marc:datafield ind1=" " ind2=" " tag="010">
      <marc:subfield code="a">agr11001496</marc:subfield>
   </marc:datafield>
   <marc:datafield ind1="7" ind2=" " tag="016">
      <marc:subfield code="a">CAT31109589</marc:subfield>
      <marc:subfield code="2">DNAL</marc:subfield>
   </marc:datafield>
   <marc:datafield ind1=" " ind2=" " tag="019">
      <marc:subfield code="a">1026718154</marc:subfield>
   </marc:datafield>
   <marc:datafield ind1=" " ind2=" " tag="035">
      <marc:subfield code="a">1109589</marc:subfield>
   </marc:datafield>
   <marc:datafield ind1=" " ind2=" " tag="035">
      <marc:subfield code="a">(OCoLC)21502436</marc:subfield>
      <marc:subfield code="z">(OCoLC)1026718154</marc:subfield>
   </marc:datafield>
   <marc:datafield ind1=" " ind2=" " tag="035">
      <marc:subfield code="a">(DNAL)1109589-naldb-Voyager</marc:subfield>
   </marc:datafield>
   <marc:datafield ind1=" " ind2=" " tag="035">
      <marc:subfield code="z">(OCoLC)1026718154</marc:subfield>
   </marc:datafield>
   <marc:datafield ind1=" " ind2=" " tag="040">
      <marc:subfield code="a">Library, U.S. Dept. of Agriculture</marc:subfield>
      <marc:subfield code="b">eng</marc:subfield>
      <marc:subfield code="c">CUY</marc:subfield>
      <marc:subfield code="d">CUY</marc:subfield>
      <marc:subfield code="d">OCLCQ</marc:subfield>
      <marc:subfield code="d">ORE</marc:subfield>
      <marc:subfield code="d">OCLCQ</marc:subfield>
      <marc:subfield code="d">MTG</marc:subfield>
      <marc:subfield code="d">NUI</marc:subfield>
      <marc:subfield code="d">OCLCQ</marc:subfield>
      <marc:subfield code="d">OCLCF</marc:subfield>
      <marc:subfield code="d">COD</marc:subfield>
      <marc:subfield code="d">OCLCA</marc:subfield>
      <marc:subfield code="d">AGL</marc:subfield>
   </marc:datafield>
   <marc:datafield ind1=" " ind2=" " tag="049">
      <marc:subfield code="a">AGLL</marc:subfield>
   </marc:datafield>
   <marc:datafield ind1="1" ind2="0" tag="050">
      <marc:subfield code="a">SD11</marc:subfield>
      <marc:subfield code="b">.F4 no.185</marc:subfield>
   </marc:datafield>
   <marc:datafield ind1="0" ind2=" " tag="070">
      <marc:subfield code="a">1</marc:subfield>
      <marc:subfield code="b">F76C no. 185 1911</marc:subfield>
   </marc:datafield>
   <marc:datafield ind1="0" ind2=" " tag="086">
      <marc:subfield code="a">A 13.4:185</marc:subfield>
   </marc:datafield>
   <marc:datafield ind1="1" ind2=" " tag="100">
      <marc:subfield code="a">Sudworth, George B.</marc:subfield>
      <marc:subfield code="q">(George Bishop),</marc:subfield>
      <marc:subfield code="d">1864-1927.</marc:subfield>
      <marc:subfield code="0">http://id.loc.gov/authorities/names/no2014130145</marc:subfield>
   </marc:datafield>
   <marc:datafield ind1="1" ind2="0" tag="245">
      <marc:subfield code="a">"Colombian mahogany" (Cariniana pyriformis).</marc:subfield>
      <marc:subfield code="b">Its characteristics and its use as a substitute for true mahogany (Swietenia mahagoni).</marc:subfield>
      <marc:subfield code="c">By George B. Sudworth ... and Clayton D. Mell ... with a description of the botanical characters of Cariniana pyriformis, by Henry Pittier ...</marc:subfield>
   </marc:datafield>
   <marc:datafield ind1=" " ind2=" " tag="260">
      <marc:subfield code="a">Washington,</marc:subfield>
      <marc:subfield code="b">Govt. Print. Off.,</marc:subfield>
      <marc:subfield code="c">1911.</marc:subfield>
   </marc:datafield>
   <marc:datafield ind1=" " ind2=" " tag="300">
      <marc:subfield code="a">16 pages</marc:subfield>
      <marc:subfield code="b">illustrations</marc:subfield>
      <marc:subfield code="c">23 cm.</marc:subfield>
   </marc:datafield>
   <marc:datafield ind1=" " ind2=" " tag="336">
      <marc:subfield code="a">text</marc:subfield>
      <marc:subfield code="b">txt</marc:subfield>
      <marc:subfield code="2">rdacontent</marc:subfield>
   </marc:datafield>
   <marc:datafield ind1=" " ind2=" " tag="337">
      <marc:subfield code="a">unmediated</marc:subfield>
      <marc:subfield code="b">n</marc:subfield>
      <marc:subfield code="2">rdamedia</marc:subfield>
   </marc:datafield>
   <marc:datafield ind1=" " ind2=" " tag="338">
      <marc:subfield code="a">volume</marc:subfield>
      <marc:subfield code="b">nc</marc:subfield>
      <marc:subfield code="2">rdacarrier</marc:subfield>
   </marc:datafield>
   <marc:datafield ind1="1" ind2=" " tag="490">
      <marc:subfield code="a">U.S. Dept. of Agriculture. Forest Service. Circular</marc:subfield>
      <marc:subfield code="v">185</marc:subfield>
   </marc:datafield>
   <marc:datafield ind1=" " ind2=" " tag="591">
      <marc:subfield code="b">NAL Reclamation</marc:subfield>
   </marc:datafield>
   <marc:datafield ind1=" " ind2=" " tag="593">
      <marc:subfield code="f">Agricola CAT</marc:subfield>
   </marc:datafield>
   <marc:datafield ind1=" " ind2="0" tag="650">
      <marc:subfield code="a">Lecythidaceae.</marc:subfield>
      <marc:subfield code="0">http://id.loc.gov/authorities/subjects/sh87002334</marc:subfield>
   </marc:datafield>
   <marc:datafield ind1=" " ind2="0" tag="650">
      <marc:subfield code="a">Wood.</marc:subfield>
      <marc:subfield code="0">http://id.loc.gov/authorities/subjects/sh85147783</marc:subfield>
   </marc:datafield>
   <marc:datafield ind1=" " ind2="3" tag="655">
      <marc:subfield code="a">Internet resource.</marc:subfield>
   </marc:datafield>
   <marc:datafield ind1="1" ind2=" " tag="700">
      <marc:subfield code="a">Mell, Clayton Dissinger,</marc:subfield>
      <marc:subfield code="d">1875-</marc:subfield>
   </marc:datafield>
   <marc:datafield ind1="1" ind2=" " tag="700">
      <marc:subfield code="a">Pittier, Henri,</marc:subfield>
      <marc:subfield code="d">1857-1950.</marc:subfield>
      <marc:subfield code="0">http://id.loc.gov/authorities/names/n50012274</marc:subfield>
   </marc:datafield>
   <marc:datafield ind1="1" ind2=" " tag="710">
      <marc:subfield code="a">United States.</marc:subfield>
      <marc:subfield code="b">Forest Service.</marc:subfield>
      <marc:subfield code="0">http://id.loc.gov/authorities/names/n79054932</marc:subfield>
   </marc:datafield>
   <marc:datafield ind1="1" ind2=" " tag="710">
      <marc:subfield code="a">United States.</marc:subfield>
      <marc:subfield code="b">Department of Agriculture.</marc:subfield>
   </marc:datafield>
   <marc:datafield ind1=" " ind2="0" tag="830">
      <marc:subfield code="a">Circular (United States. Forest Service) ;</marc:subfield>
      <marc:subfield code="v">185.</marc:subfield>
   </marc:datafield>
   <marc:datafield ind1="4" ind2="1" tag="856">
      <marc:subfield code="u">https://archive.org/details/colombianmahogan18sudw</marc:subfield>
   </marc:datafield>
   <marc:datafield ind1=" " ind2=" " tag="912">
      <marc:subfield code="a">nalcatalog</marc:subfield>
   </marc:datafield>
   <marc:datafield ind1=" " ind2=" " tag="930">
      <marc:subfield code="a">20140305</marc:subfield>
      <marc:subfield code="b">20140404</marc:subfield>
      <marc:subfield code="c">00000000</marc:subfield>
   </marc:datafield>
   <marc:datafield ind1=" " ind2=" " tag="939">
      <marc:subfield code="a">20121219</marc:subfield>
      <marc:subfield code="b">20130104</marc:subfield>
      <marc:subfield code="c">00000000</marc:subfield>
   </marc:datafield>
   <marc:datafield ind1=" " ind2=" " tag="945">
      <marc:subfield code="a">DigiMet</marc:subfield>
   </marc:datafield>
   <marc:datafield ind1=" " ind2=" " tag="946">
      <marc:subfield code="a">USDA</marc:subfield>
   </marc:datafield>
   <marc:datafield ind1=" " ind2=" " tag="958">
      <marc:subfield code="a">resource</marc:subfield>
      <marc:subfield code="b">e</marc:subfield>
      <marc:subfield code="c">2012-12-19</marc:subfield>
      <marc:subfield code="d">n</marc:subfield>
      <marc:subfield code="e">jondusko</marc:subfield>
      <marc:subfield code="h">recon</marc:subfield>
   </marc:datafield>
   <marc:datafield ind1=" " ind2=" " tag="994">
      <marc:subfield code="a">92</marc:subfield>
      <marc:subfield code="b">AGL</marc:subfield>
   </marc:datafield>
   <marc:datafield ind1=" " ind2=" " tag="AVA">
      <marc:subfield code="0">9915533622207426</marc:subfield>
      <marc:subfield code="8">22182253740007426</marc:subfield>
      <marc:subfield code="a">01NAL_INST</marc:subfield>
      <marc:subfield code="b">NAL</marc:subfield>
      <marc:subfield code="c">Stacks</marc:subfield>
      <marc:subfield code="d">1 F76C no. 185 1911</marc:subfield>
      <marc:subfield code="e">check_holdings</marc:subfield>
      <marc:subfield code="j">stacks</marc:subfield>
      <marc:subfield code="k">dnal</marc:subfield>
      <marc:subfield code="p">1</marc:subfield>
      <marc:subfield code="q">National Agricultural Library</marc:subfield>
   </marc:datafield>
   <marc:datafield ind1=" " ind2=" " tag="AVE">
      <marc:subfield code="8">53198429160007426</marc:subfield>
      <marc:subfield code="e">Available</marc:subfield>
      <marc:subfield code="l">NAL</marc:subfield>
      <marc:subfield code="a">01NAL_INST</marc:subfield>
      <marc:subfield code="0">9915533622207426</marc:subfield>
   </marc:datafield>
</marc:record>
