<?xml version="1.0" encoding="utf-8"?>
<marc:collection xmlns:marc="http://www.loc.gov/MARC21/slim"
    xmlns:xsi="http://www.w3.org/2001/XMLSchema-instance"
    xsi:schemaLocation="http://www.loc.gov/MARC21/slim http://www.loc.gov/standards/marcxml/schema/MARC21slim.xsd">
<!--(1) mms id: 9915485784807426
    displaying $a DigiMet and $p 102
    normal DigiMet record. No issues displayed.-->
<marc:record>
    <marc:leader>01551cam a2200433I  4500</marc:leader>
    <marc:controlfield tag="001">9915485784807426</marc:controlfield>
    <marc:controlfield tag="005">20240620172326.0</marc:controlfield>
    <marc:controlfield tag="008">861118s1906    mnuaf         000 0 eng  </marc:controlfield>
    <marc:datafield tag="010" ind1=" " ind2=" ">
        <marc:subfield code="a">   07012693 </marc:subfield>
    </marc:datafield>
    <marc:datafield tag="016" ind1="7" ind2=" ">
        <marc:subfield code="a">CAT10723995</marc:subfield>
        <marc:subfield code="2">DNAL</marc:subfield>
    </marc:datafield>
    <marc:datafield tag="035" ind1=" " ind2=" ">
        <marc:subfield code="a">330449</marc:subfield>
    </marc:datafield>
    <marc:datafield tag="035" ind1=" " ind2=" ">
        <marc:subfield code="a">(OCoLC)21242668</marc:subfield>
    </marc:datafield>
    <marc:datafield tag="035" ind1=" " ind2=" ">
        <marc:subfield code="a">(DNAL)330449-naldb-Voyager</marc:subfield>
    </marc:datafield>
    <marc:datafield tag="040" ind1=" " ind2=" ">
        <marc:subfield code="a">DLC</marc:subfield>
        <marc:subfield code="b">eng</marc:subfield>
        <marc:subfield code="c">MFM</marc:subfield>
        <marc:subfield code="d">OCL</marc:subfield>
        <marc:subfield code="d">AGL</marc:subfield>
        <marc:subfield code="d">OCLCF</marc:subfield>
        <marc:subfield code="d">OCLCQ</marc:subfield>
        <marc:subfield code="d">OCLCO</marc:subfield>
    </marc:datafield>
    <marc:datafield tag="049" ind1=" " ind2=" ">
        <marc:subfield code="a">RQIB</marc:subfield>
    </marc:datafield>
    <marc:datafield tag="050" ind1="0" ind2="0">
        <marc:subfield code="a">SF487</marc:subfield>
        <marc:subfield code="b">.P875</marc:subfield>
    </marc:datafield>
    <marc:datafield tag="070" ind1="0" ind2=" ">
        <marc:subfield code="a">47</marc:subfield>
        <marc:subfield code="b">P863</marc:subfield>
    </marc:datafield>
    <marc:datafield tag="072" ind1=" " ind2="0">
        <marc:subfield code="a">N100</marc:subfield>
    </marc:datafield>
    <marc:datafield tag="072" ind1=" " ind2="0">
        <marc:subfield code="a">N200</marc:subfield>
    </marc:datafield>
    <marc:datafield tag="245" ind1="0" ind2="0">
        <marc:subfield code="a">Poultry houses, coops and equipment.</marc:subfield>
        <marc:subfield code="b">A book of new plans for building practical, up-to-date colony houses, continuous houses, roosting coops, brood coops, fixtures and utensils; for the farmer, the village poultry keeper and the exclusive poultry raiser ...</marc:subfield>
    </marc:datafield>
    <marc:datafield tag="260" ind1=" " ind2=" ">
        <marc:subfield code="a">St. Paul, Minn.,</marc:subfield>
        <marc:subfield code="b">Webb Pub. Co.</marc:subfield>
        <marc:subfield code="c">[©1906]</marc:subfield>
    </marc:datafield>
    <marc:datafield tag="300" ind1=" " ind2=" ">
        <marc:subfield code="a">96 pages</marc:subfield>
        <marc:subfield code="b">illustrations, plates, diagrams</marc:subfield>
        <marc:subfield code="c">19 cm</marc:subfield>
    </marc:datafield>
    <marc:datafield tag="336" ind1=" " ind2=" ">
        <marc:subfield code="a">text</marc:subfield>
        <marc:subfield code="b">txt</marc:subfield>
        <marc:subfield code="2">rdacontent</marc:subfield>
    </marc:datafield>
    <marc:datafield tag="337" ind1=" " ind2=" ">
        <marc:subfield code="a">unmediated</marc:subfield>
        <marc:subfield code="b">n</marc:subfield>
        <marc:subfield code="2">rdamedia</marc:subfield>
    </marc:datafield>
    <marc:datafield tag="338" ind1=" " ind2=" ">
        <marc:subfield code="a">volume</marc:subfield>
        <marc:subfield code="b">nc</marc:subfield>
        <marc:subfield code="2">rdacarrier</marc:subfield>
    </marc:datafield>
    <marc:datafield tag="591" ind1=" " ind2=" ">
        <marc:subfield code="b">NAL Reclamation</marc:subfield>
    </marc:datafield>
    <marc:datafield tag="593" ind1=" " ind2=" ">
        <marc:subfield code="f">Agricola CAT</marc:subfield>
    </marc:datafield>
    <marc:datafield tag="650" ind1=" " ind2="0">
        <marc:subfield code="a">Farm buildings.</marc:subfield>
        <marc:subfield code="0">http://id.loc.gov/authorities/subjects/sh85047200</marc:subfield>
    </marc:datafield>
    <marc:datafield tag="650" ind1=" " ind2="0">
        <marc:subfield code="a">Poultry.</marc:subfield>
        <marc:subfield code="0">http://id.loc.gov/authorities/subjects/sh85105892</marc:subfield>
    </marc:datafield>
    <marc:datafield tag="655" ind1=" " ind2="3">
        <marc:subfield code="a">Internet resource.</marc:subfield>
    </marc:datafield>
    <marc:datafield tag="856" ind1="4" ind2="1">
        <marc:subfield code="u">https://archive.org/details/poultryhousescoo00unse</marc:subfield>
    </marc:datafield>
    <marc:datafield tag="911" ind1=" " ind2=" ">
        <marc:subfield code="i">chl00017858</marc:subfield>
    </marc:datafield>
    <marc:datafield tag="912" ind1=" " ind2=" ">
        <marc:subfield code="a">nalcatalog</marc:subfield>
    </marc:datafield>
    <marc:datafield tag="930" ind1=" " ind2=" ">
        <marc:subfield code="a">20160525</marc:subfield>
        <marc:subfield code="b">20160603</marc:subfield>
        <marc:subfield code="c">00000000</marc:subfield>
    </marc:datafield>
    <marc:datafield tag="939" ind1=" " ind2=" ">
        <marc:subfield code="a">20140702</marc:subfield>
        <marc:subfield code="b">20140807</marc:subfield>
        <marc:subfield code="c">00000000</marc:subfield>
    </marc:datafield>
    <marc:datafield tag="945" ind1=" " ind2=" ">
        <marc:subfield code="a">DigiMet</marc:subfield>
        <marc:subfield code="p">102</marc:subfield>
    </marc:datafield>
    <marc:datafield tag="946" ind1=" " ind2=" ">
        <marc:subfield code="a">Other US</marc:subfield>
    </marc:datafield>
    <marc:datafield tag="994" ind1=" " ind2=" ">
        <marc:subfield code="a">92</marc:subfield>
        <marc:subfield code="b">AGL</marc:subfield>
    </marc:datafield>
</marc:record>
<!--(2) mms id: 9915485429307426 
    Discussing how to resolve subfield $p preceding $a in display
 
 
 RESULTING TRANSFORMATION:
   BEFORE*:
   <marc:datafield tag="945" ind1=" " ind2=" ">
        <marc:datafield tag="945" ind1=" " ind2=" ">
        <marc:subfield code="d">ML</marc:subfield>
        <marc:subfield code="e">2003/09/12</marc:subfield>
        <marc:subfield code="f">RY</marc:subfield>
        <marc:subfield code="g">2003/09/17</marc:subfield>
        <marc:subfield code="n">1</marc:subfield>
    </marc:datafield>
    <marc:datafield tag="945" ind1=" " ind2=" ">
        <marc:subfield code="p">24</marc:subfield>
        <marc:subfield code="a">DigiMet</marc:subfield>
    </marc:datafield>
    
    *The excerpt BEFORE displays the issue formerly found in the resulting transformations, 

====================================================================================================
 HOW TO RESOLVE: 
  1. Converting .mrc into .mrk 
  2. Then using "Find/Replace", checking "Use Regular Expression" and "MultiLine Evaluation"
  3. Apply the following RegEx: (\=945.{5}[^avp].*)\s+(\=945.{5}[avp]\d+)\s+(\=945.{5}aDigiMet)
  4. Replace with: $3\n$2\n$1
  5. Click "Execute"
====================================================================================================
  
   AFTER***:
   <marc:datafield tag="945" ind1=" " ind2=" ">
        <marc:datafield tag="945" ind1=" " ind2=" ">
        <marc:subfield code="d">ML</marc:subfield>
        <marc:subfield code="e">2003/09/12</marc:subfield>
        <marc:subfield code="f">RY</marc:subfield>
        <marc:subfield code="g">2003/09/17</marc:subfield>
        <marc:subfield code="n">1</marc:subfield>
    </marc:datafield>
    <marc:datafield tag="945" ind1=" " ind2=" ">
        <marc:subfield code="a">DigiMet</marc:subfield>
        <marc:subfield code="p">24</marc:subfield>
    </marc:datafield>
    
    ***The excerpt "AFTER" comes from the resulting transfomation seen below.
   
-->
<marc:record>
    <marc:leader>01719cam a2200481Ia 4500</marc:leader>
    <marc:controlfield tag="001">9915485429307426</marc:controlfield>
    <marc:controlfield tag="005">20240620171917.0</marc:controlfield>
    <marc:controlfield tag="008">030917s1958    ncuab    b   f000 0 eng d</marc:controlfield>
    <marc:datafield tag="016" ind1="7" ind2=" ">
        <marc:subfield code="a">CAT11138452</marc:subfield>
        <marc:subfield code="2">DNAL</marc:subfield>
    </marc:datafield>
    <marc:datafield tag="035" ind1=" " ind2=" ">
        <marc:subfield code="a">905206</marc:subfield>
    </marc:datafield>
    <marc:datafield tag="035" ind1=" " ind2=" ">
        <marc:subfield code="a">(OCoLC)50545016</marc:subfield>
    </marc:datafield>
    <marc:datafield tag="035" ind1=" " ind2=" ">
        <marc:subfield code="a">(DNAL)905206-naldb-Voyager</marc:subfield>
    </marc:datafield>
    <marc:datafield tag="040" ind1=" " ind2=" ">
        <marc:subfield code="a">VXG</marc:subfield>
        <marc:subfield code="b">eng</marc:subfield>
        <marc:subfield code="c">VXG</marc:subfield>
        <marc:subfield code="d">AGL</marc:subfield>
        <marc:subfield code="d">KLG</marc:subfield>
        <marc:subfield code="d">MTG</marc:subfield>
        <marc:subfield code="d">OCLCF</marc:subfield>
        <marc:subfield code="d">OCLCQ</marc:subfield>
    </marc:datafield>
    <marc:datafield tag="049" ind1=" " ind2=" ">
        <marc:subfield code="a">AGLL</marc:subfield>
    </marc:datafield>
    <marc:datafield tag="050" ind1=" " ind2="0">
        <marc:subfield code="a">SD144.A15</marc:subfield>
        <marc:subfield code="b">S73 no. 89</marc:subfield>
    </marc:datafield>
    <marc:datafield tag="070" ind1="0" ind2=" ">
        <marc:subfield code="a">1.9622</marc:subfield>
        <marc:subfield code="b">S4St2 no. 89</marc:subfield>
    </marc:datafield>
    <marc:datafield tag="072" ind1=" " ind2="0">
        <marc:subfield code="a">F700</marc:subfield>
    </marc:datafield>
    <marc:datafield tag="072" ind1=" " ind2="0">
        <marc:subfield code="a">F100</marc:subfield>
    </marc:datafield>
    <marc:datafield tag="072" ind1=" " ind2="0">
        <marc:subfield code="a">K001</marc:subfield>
    </marc:datafield>
    <marc:datafield tag="086" ind1="0" ind2=" ">
        <marc:subfield code="a">A 13.63/9:89</marc:subfield>
    </marc:datafield>
    <marc:datafield tag="100" ind1="1" ind2=" ">
        <marc:subfield code="a">Renshaw, James F.</marc:subfield>
    </marc:datafield>
    <marc:datafield tag="245" ind1="1" ind2="0">
        <marc:subfield code="a">Silvical characteristics of yellow-poplar (Liriodendron tulipifera L.) /</marc:subfield>
        <marc:subfield code="c">by James F. Renshaw and Warren T. Doolittle.</marc:subfield>
    </marc:datafield>
    <marc:datafield tag="260" ind1=" " ind2=" ">
        <marc:subfield code="a">Asheville, N.C. :</marc:subfield>
        <marc:subfield code="b">U.S. Dept. of Agriculture, Forest Service, Southeastern Forest Experiment Station,</marc:subfield>
        <marc:subfield code="c">[1958]</marc:subfield>
    </marc:datafield>
    <marc:datafield tag="300" ind1=" " ind2=" ">
        <marc:subfield code="a">18 pages :</marc:subfield>
        <marc:subfield code="b">illustrations, map ;</marc:subfield>
        <marc:subfield code="c">27 cm.</marc:subfield>
    </marc:datafield>
    <marc:datafield tag="336" ind1=" " ind2=" ">
        <marc:subfield code="a">text</marc:subfield>
        <marc:subfield code="b">txt</marc:subfield>
        <marc:subfield code="2">rdacontent</marc:subfield>
    </marc:datafield>
    <marc:datafield tag="337" ind1=" " ind2=" ">
        <marc:subfield code="a">unmediated</marc:subfield>
        <marc:subfield code="b">n</marc:subfield>
        <marc:subfield code="2">rdamedia</marc:subfield>
    </marc:datafield>
    <marc:datafield tag="338" ind1=" " ind2=" ">
        <marc:subfield code="a">volume</marc:subfield>
        <marc:subfield code="b">nc</marc:subfield>
        <marc:subfield code="2">rdacarrier</marc:subfield>
    </marc:datafield>
    <marc:datafield tag="490" ind1="1" ind2=" ">
        <marc:subfield code="a">Station paper ;</marc:subfield>
        <marc:subfield code="v">no. 89</marc:subfield>
    </marc:datafield>
    <marc:datafield tag="504" ind1=" " ind2=" ">
        <marc:subfield code="a">Includes bibliographical references (pages 15-18).</marc:subfield>
    </marc:datafield>
    <marc:datafield tag="591" ind1=" " ind2=" ">
        <marc:subfield code="b">NAL Reclamation</marc:subfield>
    </marc:datafield>
    <marc:datafield tag="593" ind1=" " ind2=" ">
        <marc:subfield code="f">Agricola CAT</marc:subfield>
    </marc:datafield>
    <marc:datafield tag="650" ind1=" " ind2="0">
        <marc:subfield code="a">Liriodendron tulipifera.</marc:subfield>
        <marc:subfield code="0">http://id.loc.gov/authorities/subjects/sh85077428</marc:subfield>
    </marc:datafield>
    <marc:datafield tag="655" ind1=" " ind2="3">
        <marc:subfield code="a">Internet resource.</marc:subfield>
    </marc:datafield>
    <marc:datafield tag="700" ind1="1" ind2=" ">
        <marc:subfield code="a">Doolittle, Warren T.</marc:subfield>
        <marc:subfield code="q">(Warren Truman),</marc:subfield>
        <marc:subfield code="d">1921-</marc:subfield>
    </marc:datafield>
    <marc:datafield tag="830" ind1=" " ind2="0">
        <marc:subfield code="a">Station paper (Southeastern Forest Experiment Station (Asheville, N.C.)) ;</marc:subfield>
        <marc:subfield code="v">no. 89.</marc:subfield>
    </marc:datafield>
    <marc:datafield tag="856" ind1="4" ind2="1">
        <marc:subfield code="u">https://archive.org/details/silvicalcharacte89rens</marc:subfield>
    </marc:datafield>
    <marc:datafield tag="912" ind1=" " ind2=" ">
        <marc:subfield code="a">nalcatalog</marc:subfield>
    </marc:datafield>
    <marc:datafield tag="930" ind1=" " ind2=" ">
        <marc:subfield code="a">20140702</marc:subfield>
        <marc:subfield code="b">20140807</marc:subfield>
        <marc:subfield code="c">00000000</marc:subfield>
    </marc:datafield>
    <marc:datafield tag="945" ind1=" " ind2=" ">
        <marc:subfield code="d">ML</marc:subfield>
        <marc:subfield code="e">2003/09/12</marc:subfield>
        <marc:subfield code="f">RY</marc:subfield>
        <marc:subfield code="g">2003/09/17</marc:subfield>
        <marc:subfield code="n">1</marc:subfield>
    </marc:datafield>
    <marc:datafield tag="945" ind1=" " ind2=" ">
        <marc:subfield code="a">DigiMet</marc:subfield>
        <marc:subfield code="p">24</marc:subfield>
    </marc:datafield>
    <marc:datafield tag="946" ind1=" " ind2=" ">
        <marc:subfield code="a">USDA</marc:subfield>
    </marc:datafield>
    <marc:datafield tag="994" ind1=" " ind2=" ">
        <marc:subfield code="a">92</marc:subfield>
        <marc:subfield code="b">AGL</marc:subfield>
    </marc:datafield>
</marc:record>

<!-- (3) mms id: 9915486536607426
     displaying $a DigiMet &amp; multiple $p's 
     no known issues displayed here. -->
<marc:record>
    <marc:leader>02288cas a2200709M  4500</marc:leader>
    <marc:controlfield tag="001">9915486536607426</marc:controlfield>
    <marc:controlfield tag="005">20240624192307.0</marc:controlfield>
    <marc:controlfield tag="008">000919d19uu19uuiluuu        f0    0eng d</marc:controlfield>
    <marc:datafield tag="016" ind1="7" ind2=" ">
        <marc:subfield code="a">CAT11081761</marc:subfield>
        <marc:subfield code="2">DNAL</marc:subfield>
    </marc:datafield>
    <marc:datafield tag="035" ind1=" " ind2=" ">
        <marc:subfield code="a">854917</marc:subfield>
    </marc:datafield>
    <marc:datafield tag="035" ind1=" " ind2=" ">
        <marc:subfield code="a">(OCoLC)1289085281</marc:subfield>
    </marc:datafield>
    <marc:datafield tag="035" ind1=" " ind2=" ">
        <marc:subfield code="a">(DNAL)854917-naldb-Voyager</marc:subfield>
    </marc:datafield>
    <marc:datafield tag="040" ind1=" " ind2=" ">
        <marc:subfield code="a">AGL</marc:subfield>
        <marc:subfield code="b">eng</marc:subfield>
        <marc:subfield code="c">AGL</marc:subfield>
    </marc:datafield>
    <marc:datafield tag="049" ind1=" " ind2=" ">
        <marc:subfield code="a">RQIC</marc:subfield>
    </marc:datafield>
    <marc:datafield tag="070" ind1="0" ind2=" ">
        <marc:subfield code="a">1.942</marc:subfield>
        <marc:subfield code="b">F3R11C</marc:subfield>
    </marc:datafield>
    <marc:datafield tag="110" ind1="1" ind2=" ">
        <marc:subfield code="a">United States.</marc:subfield>
        <marc:subfield code="b">War Food Administration.</marc:subfield>
    </marc:datafield>
    <marc:datafield tag="245" ind1="1" ind2="0">
        <marc:subfield code="a">Radio round-up on food ... Chicago Ill.</marc:subfield>
    </marc:datafield>
    <marc:datafield tag="260" ind1=" " ind2=" ">
        <marc:subfield code="a">[Chicago, Ill.</marc:subfield>
    </marc:datafield>
    <marc:datafield tag="310" ind1=" " ind2=" ">
        <marc:subfield code="a">[Weekly]</marc:subfield>
    </marc:datafield>
    <marc:datafield tag="362" ind1="1" ind2=" ">
        <marc:subfield code="a">Ceased.</marc:subfield>
    </marc:datafield>
    <marc:datafield tag="550" ind1=" " ind2=" ">
        <marc:subfield code="a">Formerly issued by U.S. Agricultural Marketing Administration in Washington, D.C. (1.942 F3R11) July 22-Dec. 16, 1944, no. 110-131, by U.S. War Food Administration. Office of Distribution; no. 145-165, Mar. 24 - Aug. 18, 1945, U.S. Office of Marketing Services; no. 166-262, Aug. 25, 1945-Je. 27, 1947, U.S. Production and Marketing Administration.</marc:subfield>
    </marc:datafield>
    <marc:datafield tag="591" ind1=" " ind2=" ">
        <marc:subfield code="b">NAL Reclamation</marc:subfield>
    </marc:datafield>
    <marc:datafield tag="593" ind1=" " ind2=" ">
        <marc:subfield code="f">Agricola CAT</marc:subfield>
    </marc:datafield>
    <marc:datafield tag="650" ind1=" " ind2="0">
        <marc:subfield code="a">Food supply</marc:subfield>
        <marc:subfield code="z">United States</marc:subfield>
        <marc:subfield code="v">Periodicals.</marc:subfield>
    </marc:datafield>
    <marc:datafield tag="650" ind1=" " ind2="0">
        <marc:subfield code="a">World War, 1939-1945</marc:subfield>
        <marc:subfield code="x">Food supply</marc:subfield>
        <marc:subfield code="z">United States</marc:subfield>
        <marc:subfield code="v">Periodicals.</marc:subfield>
    </marc:datafield>
    <marc:datafield tag="655" ind1=" " ind2="3">
        <marc:subfield code="a">Internet resource.</marc:subfield>
    </marc:datafield>
    <marc:datafield tag="710" ind1="1" ind2=" ">
        <marc:subfield code="a">United States.</marc:subfield>
        <marc:subfield code="b">Agricultural Marketing Administration.</marc:subfield>
    </marc:datafield>
    <marc:datafield tag="710" ind1="1" ind2=" ">
        <marc:subfield code="a">United States.</marc:subfield>
        <marc:subfield code="b">War Food Administration.</marc:subfield>
        <marc:subfield code="b">Office of Distribution.</marc:subfield>
    </marc:datafield>
    <marc:datafield tag="710" ind1="1" ind2=" ">
        <marc:subfield code="a">United States.</marc:subfield>
        <marc:subfield code="b">Office of Marketing Services.</marc:subfield>
    </marc:datafield>
    <marc:datafield tag="710" ind1="1" ind2=" ">
        <marc:subfield code="a">United States.</marc:subfield>
        <marc:subfield code="b">Department of Agriculture.</marc:subfield>
        <marc:subfield code="b">Production and Marketing Administration.</marc:subfield>
    </marc:datafield>
    <marc:datafield tag="856" ind1="4" ind2="1">
        <marc:subfield code="u">https://archive.org/details/usda-radioroundup</marc:subfield>
    </marc:datafield>
    <marc:datafield tag="912" ind1=" " ind2=" ">
        <marc:subfield code="a">nalcatalog</marc:subfield>
    </marc:datafield>
    <marc:datafield tag="930" ind1=" " ind2=" ">
        <marc:subfield code="a">20140505</marc:subfield>
        <marc:subfield code="b">20140606</marc:subfield>
        <marc:subfield code="c">00000000</marc:subfield>
    </marc:datafield>
    <marc:datafield tag="939" ind1=" " ind2=" ">
        <marc:subfield code="a">20130724</marc:subfield>
        <marc:subfield code="b">20130906</marc:subfield>
        <marc:subfield code="c">00000000</marc:subfield>
    </marc:datafield>
    <marc:datafield tag="945" ind1=" " ind2=" ">
        <marc:subfield code="a">DigiMet</marc:subfield>
        <marc:subfield code="p">114</marc:subfield>
        <marc:subfield code="p">96</marc:subfield>
        <marc:subfield code="p">84</marc:subfield>
        <marc:subfield code="p">56</marc:subfield>
        <marc:subfield code="p">82</marc:subfield>
        <marc:subfield code="p">108</marc:subfield>
        <marc:subfield code="p">86</marc:subfield>
        <marc:subfield code="p">88</marc:subfield>
        <marc:subfield code="p">106</marc:subfield>
        <marc:subfield code="p">124</marc:subfield>
        <marc:subfield code="p">116</marc:subfield>
    </marc:datafield>
    <marc:datafield tag="946" ind1=" " ind2=" ">
        <marc:subfield code="a">USDA</marc:subfield>
    </marc:datafield>
    <marc:datafield tag="959" ind1=" " ind2=" ">
        <marc:subfield code="c">2013-04-02</marc:subfield>
        <marc:subfield code="e">ssouder</marc:subfield>
        <marc:subfield code="g">ap</marc:subfield>
    </marc:datafield>
    <marc:datafield tag="959" ind1=" " ind2=" ">
        <marc:subfield code="c">2013-07-24</marc:subfield>
        <marc:subfield code="e">rgallett</marc:subfield>
        <marc:subfield code="g">accadd</marc:subfield>
    </marc:datafield>
    <marc:datafield tag="994" ind1=" " ind2=" ">
        <marc:subfield code="a">92</marc:subfield>
        <marc:subfield code="b">AGL</marc:subfield>
    </marc:datafield>
</marc:record>

<!-- (4) mms id: 9915486661107426 
     displays $a DigiMet, $multiple $v's paired with $multiple $p's
     No Known display issues
-->
<marc:record>
    <marc:leader>02828cas a2200889 a 4500</marc:leader>
    <marc:controlfield tag="001">9915486661107426</marc:controlfield>
    <marc:controlfield tag="005">20240624192331.0</marc:controlfield>
    <marc:controlfield tag="008">000919d19341942dcumr p      f0    0eng c</marc:controlfield>
    <marc:datafield tag="010" ind1=" " ind2=" ">
        <marc:subfield code="a">  2012229622</marc:subfield>
    </marc:datafield>
    <marc:datafield tag="016" ind1="7" ind2=" ">
        <marc:subfield code="a">CAT11081646</marc:subfield>
        <marc:subfield code="2">DNAL</marc:subfield>
    </marc:datafield>
    <marc:datafield tag="035" ind1=" " ind2=" ">
        <marc:subfield code="a">854802</marc:subfield>
    </marc:datafield>
    <marc:datafield tag="035" ind1=" " ind2=" ">
        <marc:subfield code="a">(OCoLC)86116125</marc:subfield>
    </marc:datafield>
    <marc:datafield tag="035" ind1=" " ind2=" ">
        <marc:subfield code="a">(DNAL)854802-naldb-Voyager</marc:subfield>
    </marc:datafield>
    <marc:datafield tag="040" ind1=" " ind2=" ">
        <marc:subfield code="a">UIU</marc:subfield>
        <marc:subfield code="b">eng</marc:subfield>
        <marc:subfield code="c">UIU</marc:subfield>
        <marc:subfield code="d">UIU</marc:subfield>
        <marc:subfield code="d">FUG</marc:subfield>
        <marc:subfield code="d">OCLCF</marc:subfield>
        <marc:subfield code="d">AGL</marc:subfield>
        <marc:subfield code="d">OCLCO</marc:subfield>
        <marc:subfield code="d">OCLCQ</marc:subfield>
    </marc:datafield>
    <marc:datafield tag="042" ind1=" " ind2=" ">
        <marc:subfield code="a">pcc</marc:subfield>
    </marc:datafield>
    <marc:datafield tag="043" ind1=" " ind2=" ">
        <marc:subfield code="a">n-us---</marc:subfield>
    </marc:datafield>
    <marc:datafield tag="049" ind1=" " ind2=" ">
        <marc:subfield code="a">AGLL</marc:subfield>
    </marc:datafield>
    <marc:datafield tag="070" ind1="0" ind2=" ">
        <marc:subfield code="a">1.9</marc:subfield>
        <marc:subfield code="b">En86N</marc:subfield>
    </marc:datafield>
    <marc:datafield tag="086" ind1="0" ind2=" ">
        <marc:subfield code="a">A 9.12:</marc:subfield>
    </marc:datafield>
    <marc:datafield tag="086" ind1="0" ind2=" ">
        <marc:subfield code="a">A 56.12:</marc:subfield>
    </marc:datafield>
    <marc:datafield tag="110" ind1="1" ind2=" ">
        <marc:subfield code="a">United States.</marc:subfield>
        <marc:subfield code="b">Bureau of Entomology and Plant Quarantine.</marc:subfield>
        <marc:subfield code="0">http://id.loc.gov/authorities/names/n82115277</marc:subfield>
    </marc:datafield>
    <marc:datafield tag="245" ind1="1" ind2="0">
        <marc:subfield code="a">News letter.</marc:subfield>
    </marc:datafield>
    <marc:datafield tag="246" ind1="3" ind2=" ">
        <marc:subfield code="a">Newsletter</marc:subfield>
    </marc:datafield>
    <marc:datafield tag="260" ind1=" " ind2=" ">
        <marc:subfield code="a">[Washington, D.C.] :</marc:subfield>
        <marc:subfield code="b">Bureau of Entomology and Plant Quarantine,</marc:subfield>
        <marc:subfield code="c">1934-</marc:subfield>
    </marc:datafield>
    <marc:datafield tag="300" ind1=" " ind2=" ">
        <marc:subfield code="a">9 volumes ;</marc:subfield>
        <marc:subfield code="c">28 cm</marc:subfield>
    </marc:datafield>
    <marc:datafield tag="310" ind1=" " ind2=" ">
        <marc:subfield code="a">Monthly</marc:subfield>
    </marc:datafield>
    <marc:datafield tag="336" ind1=" " ind2=" ">
        <marc:subfield code="a">text</marc:subfield>
        <marc:subfield code="b">txt</marc:subfield>
        <marc:subfield code="2">rdacontent</marc:subfield>
    </marc:datafield>
    <marc:datafield tag="337" ind1=" " ind2=" ">
        <marc:subfield code="a">unmediated</marc:subfield>
        <marc:subfield code="b">n</marc:subfield>
        <marc:subfield code="2">rdamedia</marc:subfield>
    </marc:datafield>
    <marc:datafield tag="338" ind1=" " ind2=" ">
        <marc:subfield code="a">volume</marc:subfield>
        <marc:subfield code="b">nc</marc:subfield>
        <marc:subfield code="2">rdacarrier</marc:subfield>
    </marc:datafield>
    <marc:datafield tag="362" ind1="0" ind2=" ">
        <marc:subfield code="a">Vol. 1 (June 1934)-</marc:subfield>
    </marc:datafield>
    <marc:datafield tag="362" ind1="1" ind2=" ">
        <marc:subfield code="a">Ceased with v. 9, no. 4, (Feb. 1942).</marc:subfield>
    </marc:datafield>
    <marc:datafield tag="580" ind1=" " ind2=" ">
        <marc:subfield code="a">Formed by the union of: Plant Quarantine News letter; Bureau of Entomology Month letter and; Bureau of Plant Industry Blister rust news.</marc:subfield>
    </marc:datafield>
    <marc:datafield tag="591" ind1=" " ind2=" ">
        <marc:subfield code="b">NAL Reclamation</marc:subfield>
    </marc:datafield>
    <marc:datafield tag="593" ind1=" " ind2=" ">
        <marc:subfield code="f">Agricola CAT</marc:subfield>
    </marc:datafield>
    <marc:datafield tag="650" ind1=" " ind2="0">
        <marc:subfield code="a">Entomology</marc:subfield>
        <marc:subfield code="v">Periodicals.</marc:subfield>
        <marc:subfield code="0">http://id.loc.gov/authorities/subjects/sh85044129</marc:subfield>
    </marc:datafield>
    <marc:datafield tag="650" ind1=" " ind2="0">
        <marc:subfield code="a">Beneficial insects</marc:subfield>
        <marc:subfield code="z">United States</marc:subfield>
        <marc:subfield code="v">Periodicals.</marc:subfield>
    </marc:datafield>
    <marc:datafield tag="650" ind1=" " ind2="0">
        <marc:subfield code="a">Plant diseases</marc:subfield>
        <marc:subfield code="z">United States</marc:subfield>
        <marc:subfield code="v">Periodicals.</marc:subfield>
    </marc:datafield>
    <marc:datafield tag="651" ind1=" " ind2="7">
        <marc:subfield code="a">United States.</marc:subfield>
        <marc:subfield code="2">fast</marc:subfield>
        <marc:subfield code="0">(OCoLC)fst01204155</marc:subfield>
    </marc:datafield>
    <marc:datafield tag="655" ind1=" " ind2="7">
        <marc:subfield code="a">Periodicals.</marc:subfield>
        <marc:subfield code="2">fast</marc:subfield>
        <marc:subfield code="0">(OCoLC)fst01411641</marc:subfield>
    </marc:datafield>
    <marc:datafield tag="710" ind1="1" ind2=" ">
        <marc:subfield code="a">United States.</marc:subfield>
        <marc:subfield code="b">Bureau of Entomology and Plant Quarantine.</marc:subfield>
        <marc:subfield code="0">http://id.loc.gov/authorities/names/n82115277</marc:subfield>
    </marc:datafield>
    <marc:datafield tag="780" ind1="1" ind2="4">
        <marc:subfield code="a">Bureau of Plant Quarantine.</marc:subfield>
        <marc:subfield code="t">News letter</marc:subfield>
    </marc:datafield>
    <marc:datafield tag="780" ind1="1" ind2="4">
        <marc:subfield code="a">United States. Bureau of Entomology.</marc:subfield>
        <marc:subfield code="t">Monthly letter of the Bureau of Entomology</marc:subfield>
        <marc:subfield code="w">(DLC)  2012229582</marc:subfield>
        <marc:subfield code="w">(OCoLC)27125564</marc:subfield>
    </marc:datafield>
    <marc:datafield tag="780" ind1="1" ind2="4">
        <marc:subfield code="t">Blister rust news</marc:subfield>
        <marc:subfield code="w">(OCoLC)1780565</marc:subfield>
    </marc:datafield>
    <marc:datafield tag="856" ind1="4" ind2="1">
        <marc:subfield code="u">https://archive.org/details/usda-newsletterentomologyplantquarantine</marc:subfield>
    </marc:datafield>
    <marc:datafield tag="912" ind1=" " ind2=" ">
        <marc:subfield code="a">nalcatalog</marc:subfield>
    </marc:datafield>
    <marc:datafield tag="930" ind1=" " ind2=" ">
        <marc:subfield code="a">20140902</marc:subfield>
        <marc:subfield code="b">20141003</marc:subfield>
        <marc:subfield code="c">00000000</marc:subfield>
    </marc:datafield>
    <marc:datafield tag="939" ind1=" " ind2=" ">
        <marc:subfield code="a">20140428</marc:subfield>
        <marc:subfield code="b">20140502</marc:subfield>
        <marc:subfield code="c">00000000</marc:subfield>
    </marc:datafield>
    <marc:datafield tag="945" ind1=" " ind2=" ">
        <marc:subfield code="a">DigiMet</marc:subfield>
        <marc:subfield code="v">pt. 1</marc:subfield>
        <marc:subfield code="p">142</marc:subfield>
        <marc:subfield code="v">pt. 2</marc:subfield>
        <marc:subfield code="p">334</marc:subfield>
        <marc:subfield code="v">pt. 3</marc:subfield>
        <marc:subfield code="p">352</marc:subfield>
        <marc:subfield code="v">pt. 4</marc:subfield>
        <marc:subfield code="p">404</marc:subfield>
        <marc:subfield code="v">pt. 5</marc:subfield>
        <marc:subfield code="p">390</marc:subfield>
        <marc:subfield code="v">pt. 6</marc:subfield>
        <marc:subfield code="p">410</marc:subfield>
        <marc:subfield code="v">pt. 7</marc:subfield>
        <marc:subfield code="p">430</marc:subfield>
        <marc:subfield code="v">pt. 8</marc:subfield>
        <marc:subfield code="p">452</marc:subfield>
        <marc:subfield code="v">pt. 9</marc:subfield>
        <marc:subfield code="p">110</marc:subfield>
    </marc:datafield>
    <marc:datafield tag="946" ind1=" " ind2=" ">
        <marc:subfield code="a">USDA</marc:subfield>
    </marc:datafield>
    <marc:datafield tag="959" ind1=" " ind2=" ">
        <marc:subfield code="c">2014-04-28</marc:subfield>
        <marc:subfield code="e">jgilbert</marc:subfield>
        <marc:subfield code="g">upgrade</marc:subfield>
    </marc:datafield>
    <marc:datafield tag="994" ind1=" " ind2=" ">
        <marc:subfield code="a">92</marc:subfield>
        <marc:subfield code="b">AGL</marc:subfield>
    </marc:datafield>
</marc:record>

<!--(5) mms id: 9915486637607426 displays and raises some issues regarding the following:
    -Two different $a's 
            starts with:  
                 <marc:subfield code="a">SRC2009</marc:subfield>
             not:
                <marc:subfield code="a">DigiMet</marc:subfield>
                
    -Multiple $v (not always listing a $p after it)
           *excerpted from lines 267-268*
              <marc:subfield code="v">pt. 11</marc:subfield>  <~~ does this volume require that it also list a page #?
              <marc:subfield code="v">pt. 12</marc:subfield>
              <marc:subfield code="p">212</marc:subfield>
   
   -Multiple subfield p's 
            *no issues*
            
-->
<marc:record>
    <marc:leader>04955cas a2201573 a 4500</marc:leader>
    <marc:controlfield tag="001">9915486637607426</marc:controlfield>
    <marc:controlfield tag="005">20240624192335.0</marc:controlfield>
    <marc:controlfield tag="008">000919d19391963pr fr p      f0    0eng  </marc:controlfield>
    <marc:datafield tag="010" ind1=" " ind2=" ">
        <marc:subfield code="a">s  40000008 </marc:subfield>
        <marc:subfield code="z">   54000008 </marc:subfield>
    </marc:datafield>
    <marc:datafield tag="016" ind1="7" ind2=" ">
        <marc:subfield code="a">CAT11081185</marc:subfield>
        <marc:subfield code="2">DNAL</marc:subfield>
    </marc:datafield>
    <marc:datafield tag="019" ind1=" " ind2=" ">
        <marc:subfield code="a">225539802</marc:subfield>
        <marc:subfield code="a">1029968984</marc:subfield>
        <marc:subfield code="a">1035218894</marc:subfield>
    </marc:datafield>
    <marc:datafield tag="035" ind1=" " ind2=" ">
        <marc:subfield code="a">854342</marc:subfield>
    </marc:datafield>
    <marc:datafield tag="035" ind1=" " ind2=" ">
        <marc:subfield code="a">(OCoLC)01553363</marc:subfield>
        <marc:subfield code="z">(OCoLC)225539802</marc:subfield>
        <marc:subfield code="z">(OCoLC)1029968984</marc:subfield>
        <marc:subfield code="z">(OCoLC)1035218894</marc:subfield>
    </marc:datafield>
    <marc:datafield tag="035" ind1=" " ind2=" ">
        <marc:subfield code="a">(DNAL)854342-naldb-Voyager</marc:subfield>
    </marc:datafield>
    <marc:datafield tag="035" ind1=" " ind2=" ">
        <marc:subfield code="z">(OCoLC)225539802</marc:subfield>
        <marc:subfield code="z">(OCoLC)1029968984</marc:subfield>
        <marc:subfield code="z">(OCoLC)1035218894</marc:subfield>
    </marc:datafield>
    <marc:datafield tag="040" ind1=" " ind2=" ">
        <marc:subfield code="a">MUL</marc:subfield>
        <marc:subfield code="b">eng</marc:subfield>
        <marc:subfield code="c">MUL</marc:subfield>
        <marc:subfield code="d">OCL</marc:subfield>
        <marc:subfield code="d">CLE</marc:subfield>
        <marc:subfield code="d">VXG</marc:subfield>
        <marc:subfield code="d">OCL</marc:subfield>
        <marc:subfield code="d">OCLCQ</marc:subfield>
        <marc:subfield code="d">AU@</marc:subfield>
        <marc:subfield code="d">UBC</marc:subfield>
        <marc:subfield code="d">AGL</marc:subfield>
        <marc:subfield code="d">DLC</marc:subfield>
        <marc:subfield code="d">OCLCA</marc:subfield>
        <marc:subfield code="d">OCLCQ</marc:subfield>
        <marc:subfield code="d">OCLCA</marc:subfield>
        <marc:subfield code="d">OCLCF</marc:subfield>
        <marc:subfield code="d">OCLCO</marc:subfield>
        <marc:subfield code="d">PAU</marc:subfield>
        <marc:subfield code="d">OCLCQ</marc:subfield>
    </marc:datafield>
    <marc:datafield tag="041" ind1="0" ind2=" ">
        <marc:subfield code="a">eng</marc:subfield>
        <marc:subfield code="b">spa</marc:subfield>
    </marc:datafield>
    <marc:datafield tag="042" ind1=" " ind2=" ">
        <marc:subfield code="a">pcc</marc:subfield>
    </marc:datafield>
    <marc:datafield tag="043" ind1=" " ind2=" ">
        <marc:subfield code="a">cc-----</marc:subfield>
        <marc:subfield code="a">w------</marc:subfield>
    </marc:datafield>
    <marc:datafield tag="049" ind1=" " ind2=" ">
        <marc:subfield code="a">AGLL</marc:subfield>
    </marc:datafield>
    <marc:datafield tag="050" ind1="0" ind2="0">
        <marc:subfield code="a">SD1</marc:subfield>
        <marc:subfield code="b">.C25</marc:subfield>
    </marc:datafield>
    <marc:datafield tag="070" ind1="0" ind2=" ">
        <marc:subfield code="a">1.9622</marc:subfield>
        <marc:subfield code="b">T2C23</marc:subfield>
    </marc:datafield>
    <marc:datafield tag="072" ind1=" " ind2="0">
        <marc:subfield code="a">K100</marc:subfield>
    </marc:datafield>
    <marc:datafield tag="245" ind1="0" ind2="4">
        <marc:subfield code="a">The Caribbean forester.</marc:subfield>
    </marc:datafield>
    <marc:datafield tag="260" ind1=" " ind2=" ">
        <marc:subfield code="a">Rio Piedras, P.R. :</marc:subfield>
        <marc:subfield code="b">Tropical Forest Experiment Station, United States Forest Service,</marc:subfield>
        <marc:subfield code="c">[1939]-1963.</marc:subfield>
    </marc:datafield>
    <marc:datafield tag="300" ind1=" " ind2=" ">
        <marc:subfield code="a">24 volumes :</marc:subfield>
        <marc:subfield code="b">illustrations ;</marc:subfield>
        <marc:subfield code="c">28 cm</marc:subfield>
    </marc:datafield>
    <marc:datafield tag="310" ind1=" " ind2=" ">
        <marc:subfield code="a">Semiannual,</marc:subfield>
        <marc:subfield code="b">1954-1963</marc:subfield>
    </marc:datafield>
    <marc:datafield tag="321" ind1=" " ind2=" ">
        <marc:subfield code="a">Quarterly,</marc:subfield>
        <marc:subfield code="b">1939-1953</marc:subfield>
    </marc:datafield>
    <marc:datafield tag="336" ind1=" " ind2=" ">
        <marc:subfield code="a">text</marc:subfield>
        <marc:subfield code="b">txt</marc:subfield>
        <marc:subfield code="2">rdacontent</marc:subfield>
    </marc:datafield>
    <marc:datafield tag="337" ind1=" " ind2=" ">
        <marc:subfield code="a">unmediated</marc:subfield>
        <marc:subfield code="b">n</marc:subfield>
        <marc:subfield code="2">rdamedia</marc:subfield>
    </marc:datafield>
    <marc:datafield tag="338" ind1=" " ind2=" ">
        <marc:subfield code="a">volume</marc:subfield>
        <marc:subfield code="b">nc</marc:subfield>
        <marc:subfield code="2">rdacarrier</marc:subfield>
    </marc:datafield>
    <marc:datafield tag="362" ind1="0" ind2=" ">
        <marc:subfield code="a">Vol. 1, no. 1 (Oct. 1939)-v. 24, no. 2 (1963).</marc:subfield>
    </marc:datafield>
    <marc:datafield tag="525" ind1=" " ind2=" ">
        <marc:subfield code="a">Some issues accompanied by unnumbered supplements.</marc:subfield>
    </marc:datafield>
    <marc:datafield tag="546" ind1=" " ind2=" ">
        <marc:subfield code="a">English with abstracts in Spanish.</marc:subfield>
    </marc:datafield>
    <marc:datafield tag="550" ind1=" " ind2=" ">
        <marc:subfield code="a">Issued by: Tropical Forest Experiment Station, 1939-1956; Tropical Forest Research Center, 1957-1960; Institute of Tropical Forestry, 1961-1963.</marc:subfield>
    </marc:datafield>
    <marc:datafield tag="550" ind1=" " ind2=" ">
        <marc:subfield code="a">Edited by Southern Forest Experiment Station, New Orleans, La, Oct. 1939-July 1941.</marc:subfield>
    </marc:datafield>
    <marc:datafield tag="555" ind1=" " ind2=" ">
        <marc:subfield code="a">V. 1-10, 1939-1949. 1 v.; v. 11-20, 1949-1959, in v. 20, nos. 3-4; v. 1-24, 1939-1963, in v. 24, no. 2.</marc:subfield>
    </marc:datafield>
    <marc:datafield tag="580" ind1=" " ind2=" ">
        <marc:subfield code="a">Superseded by its Forest Service research paper ITF and its U.S. Forest Service research note ITF.</marc:subfield>
    </marc:datafield>
    <marc:datafield tag="591" ind1=" " ind2=" ">
        <marc:subfield code="b">NAL Reclamation</marc:subfield>
    </marc:datafield>
    <marc:datafield tag="593" ind1=" " ind2=" ">
        <marc:subfield code="f">Agricola CAT</marc:subfield>
    </marc:datafield>
    <marc:datafield tag="650" ind1=" " ind2="0">
        <marc:subfield code="a">Forests and forestry</marc:subfield>
        <marc:subfield code="z">Caribbean Area</marc:subfield>
        <marc:subfield code="v">Periodicals.</marc:subfield>
    </marc:datafield>
    <marc:datafield tag="650" ind1=" " ind2="0">
        <marc:subfield code="a">Forests and forestry</marc:subfield>
        <marc:subfield code="z">Tropics</marc:subfield>
        <marc:subfield code="v">Periodicals.</marc:subfield>
    </marc:datafield>
    <marc:datafield tag="651" ind1=" " ind2="7">
        <marc:subfield code="a">Caribbean Area.</marc:subfield>
        <marc:subfield code="2">fast</marc:subfield>
        <marc:subfield code="0">(OCoLC)fst01244080</marc:subfield>
    </marc:datafield>
    <marc:datafield tag="651" ind1=" " ind2="7">
        <marc:subfield code="a">Tropics.</marc:subfield>
        <marc:subfield code="2">fast</marc:subfield>
        <marc:subfield code="0">(OCoLC)fst01240674</marc:subfield>
    </marc:datafield>
    <marc:datafield tag="655" ind1=" " ind2="3">
        <marc:subfield code="a">Internet resource.</marc:subfield>
    </marc:datafield>
    <marc:datafield tag="655" ind1=" " ind2="7">
        <marc:subfield code="a">Periodicals.</marc:subfield>
        <marc:subfield code="2">fast</marc:subfield>
        <marc:subfield code="0">(OCoLC)fst01411641</marc:subfield>
    </marc:datafield>
    <marc:datafield tag="710" ind1="2" ind2=" ">
        <marc:subfield code="a">Tropical Forest Experiment Station (Río Piedras, San Juan, P.R.)</marc:subfield>
        <marc:subfield code="0">http://id.loc.gov/authorities/names/no2010063384</marc:subfield>
    </marc:datafield>
    <marc:datafield tag="710" ind1="2" ind2=" ">
        <marc:subfield code="a">Tropical Forest Research Center (Río Piedras, San Juan, P.R.)</marc:subfield>
        <marc:subfield code="0">http://id.loc.gov/authorities/names/no2010063385</marc:subfield>
    </marc:datafield>
    <marc:datafield tag="710" ind1="2" ind2=" ">
        <marc:subfield code="a">Institute of Tropical Forestry (Río Piedras, San Juan, P.R.)</marc:subfield>
        <marc:subfield code="0">http://id.loc.gov/authorities/names/n50064401</marc:subfield>
    </marc:datafield>
    <marc:datafield tag="710" ind1="2" ind2=" ">
        <marc:subfield code="a">Southern Forest Experiment Station (New Orleans, La.)</marc:subfield>
    </marc:datafield>
    <marc:datafield tag="776" ind1="0" ind2="8">
        <marc:subfield code="i">Online version:</marc:subfield>
        <marc:subfield code="t">Caribbean forester</marc:subfield>
        <marc:subfield code="w">(OCoLC)633310317</marc:subfield>
    </marc:datafield>
    <marc:datafield tag="785" ind1="0" ind2="0">
        <marc:subfield code="a">Institute of Tropical Forestry (Río Piedras, San Juan, P.R.).</marc:subfield>
        <marc:subfield code="t">Forest Service research paper ITF</marc:subfield>
        <marc:subfield code="x">0565-6338</marc:subfield>
        <marc:subfield code="w">(OCoLC)2671049</marc:subfield>
    </marc:datafield>
    <marc:datafield tag="785" ind1="0" ind2="0">
        <marc:subfield code="t">U.S. Forest Service research note ITF</marc:subfield>
        <marc:subfield code="x">0565-6346</marc:subfield>
        <marc:subfield code="w">(DLC)agr66000014</marc:subfield>
        <marc:subfield code="w">(OCoLC)2749353</marc:subfield>
    </marc:datafield>
    <marc:datafield tag="850" ind1=" " ind2=" ">
        <marc:subfield code="a">DLC</marc:subfield>
        <marc:subfield code="a">DNAL</marc:subfield>
    </marc:datafield>
    <marc:datafield tag="856" ind1="4" ind2="1">
        <marc:subfield code="u">https://archive.org/details/usda-caribbeanforester</marc:subfield>
    </marc:datafield>
    <marc:datafield tag="912" ind1=" " ind2=" ">
        <marc:subfield code="a">nalcatalog</marc:subfield>
    </marc:datafield>
    <marc:datafield tag="930" ind1=" " ind2=" ">
        <marc:subfield code="a">20140812</marc:subfield>
        <marc:subfield code="b">20140905</marc:subfield>
        <marc:subfield code="c">00000000</marc:subfield>
    </marc:datafield>
    <marc:datafield tag="939" ind1=" " ind2=" ">
        <marc:subfield code="a">20100413</marc:subfield>
        <marc:subfield code="b">20100501</marc:subfield>
        <marc:subfield code="c">00000000</marc:subfield>
    </marc:datafield>
    <marc:datafield tag="945" ind1=" " ind2=" ">
        <marc:subfield code="a">SRC2009</marc:subfield>
        <marc:subfield code="v">pt. 1</marc:subfield>
        <marc:subfield code="p">150</marc:subfield>
        <marc:subfield code="a">DigiMet</marc:subfield>
        <marc:subfield code="v">pt. 2</marc:subfield>
        <marc:subfield code="p">222</marc:subfield>
        <marc:subfield code="v">pt. 3</marc:subfield>
        <marc:subfield code="p">198</marc:subfield>
        <marc:subfield code="v">pt. 4</marc:subfield>
        <marc:subfield code="p">216</marc:subfield>
        <marc:subfield code="v">pt. 5</marc:subfield>
        <marc:subfield code="p">232</marc:subfield>
        <marc:subfield code="v">pt. 6</marc:subfield>
        <marc:subfield code="p">440</marc:subfield>
        <marc:subfield code="v">pt. 7</marc:subfield>
        <marc:subfield code="p">740</marc:subfield>
        <marc:subfield code="v">pt. 8</marc:subfield>
        <marc:subfield code="p">354</marc:subfield>
        <marc:subfield code="v">pt. 9</marc:subfield>
        <marc:subfield code="p">404</marc:subfield>
        <marc:subfield code="v">pt. 10</marc:subfield>
        <marc:subfield code="p">364</marc:subfield>
        <marc:subfield code="v">pt. 11</marc:subfield>
        <marc:subfield code="v">pt. 12</marc:subfield>
        <marc:subfield code="p">212</marc:subfield>
        <marc:subfield code="v">pt. 13</marc:subfield>
        <marc:subfield code="v">pt. 14</marc:subfield>
        <marc:subfield code="p">182</marc:subfield>
        <marc:subfield code="v">pt. 15</marc:subfield>
        <marc:subfield code="p">140</marc:subfield>
        <marc:subfield code="v">pt. 16</marc:subfield>
        <marc:subfield code="p">114</marc:subfield>
        <marc:subfield code="v">pt. 17</marc:subfield>
        <marc:subfield code="p">124</marc:subfield>
        <marc:subfield code="v">pt. 18</marc:subfield>
        <marc:subfield code="p">112</marc:subfield>
        <marc:subfield code="v">pt. 19</marc:subfield>
        <marc:subfield code="p">100</marc:subfield>
        <marc:subfield code="v">pt. 20</marc:subfield>
        <marc:subfield code="v">pt. 21</marc:subfield>
        <marc:subfield code="p">540</marc:subfield>
        <marc:subfield code="v">pt. 22</marc:subfield>
        <marc:subfield code="v">pt. 23</marc:subfield>
        <marc:subfield code="p">132</marc:subfield>
        <marc:subfield code="v">pt. 24</marc:subfield>
        <marc:subfield code="p">158</marc:subfield>
    </marc:datafield>
    <marc:datafield tag="946" ind1=" " ind2=" ">
        <marc:subfield code="a">USDA</marc:subfield>
    </marc:datafield>
    <marc:datafield tag="958" ind1=" " ind2=" ">
        <marc:subfield code="b">e</marc:subfield>
        <marc:subfield code="c">2010-04-12</marc:subfield>
        <marc:subfield code="d">o</marc:subfield>
        <marc:subfield code="e">dgoldber</marc:subfield>
        <marc:subfield code="h">recon</marc:subfield>
    </marc:datafield>
    <marc:datafield tag="994" ind1=" " ind2=" ">
        <marc:subfield code="a">92</marc:subfield>
        <marc:subfield code="b">AGL</marc:subfield>
    </marc:datafield>
</marc:record>
 <!-- (6) mms_id: 9915555139907426 displays two subfield $a
     
      <marc:datafield tag="945" ind1=" " ind2=" ">
         <marc:subfield code="a">UIU</marc:subfield>
         <marc:subfield code="p">22</marc:subfield>
         <marc:subfield code="a">DigiMet</marc:subfield>
      </marc:datafield>
      
      *Example extracted from the record below:
     
The subfield $a containing UIU or XIU are removed during preprocessing of MARC XML
 -->
     <marc:record>
        <marc:leader>01809cam a2200517   4500</marc:leader>
        <marc:controlfield tag="001">9915555139907426</marc:controlfield>
        <marc:controlfield tag="005">20240624163221.0</marc:controlfield>
        <marc:controlfield tag="008">890419s1961    dcu      s   f000 0 eng  </marc:controlfield>
        <marc:datafield tag="010" ind1=" " ind2=" ">
            <marc:subfield code="a">   76267204 </marc:subfield>
        </marc:datafield>
        <marc:datafield tag="016" ind1="7" ind2=" ">
            <marc:subfield code="a">CAT10307214</marc:subfield>
            <marc:subfield code="2">DNAL</marc:subfield>
        </marc:datafield>
        <marc:datafield tag="035" ind1=" " ind2=" ">
            <marc:subfield code="a">345659</marc:subfield>
        </marc:datafield>
        <marc:datafield tag="035" ind1=" " ind2=" ">
            <marc:subfield code="a">(OCoLC)00446961</marc:subfield>
        </marc:datafield>
        <marc:datafield tag="035" ind1=" " ind2=" ">
            <marc:subfield code="a">(DNAL)345659-naldb-Voyager</marc:subfield>
        </marc:datafield>
        <marc:datafield tag="040" ind1=" " ind2=" ">
            <marc:subfield code="a">DLC</marc:subfield>
            <marc:subfield code="b">eng</marc:subfield>
            <marc:subfield code="c">DLC</marc:subfield>
            <marc:subfield code="d">OCL</marc:subfield>
            <marc:subfield code="d">IUL</marc:subfield>
            <marc:subfield code="d">CLU</marc:subfield>
            <marc:subfield code="d">OCLCQ</marc:subfield>
            <marc:subfield code="d">NUI</marc:subfield>
            <marc:subfield code="d">OCLCF</marc:subfield>
            <marc:subfield code="d">OCLCO</marc:subfield>
            <marc:subfield code="d">AGL</marc:subfield>
        </marc:datafield>
        <marc:datafield tag="043" ind1=" " ind2=" ">
            <marc:subfield code="a">n-us---</marc:subfield>
        </marc:datafield>
        <marc:datafield tag="049" ind1=" " ind2=" ">
            <marc:subfield code="a">AGLY</marc:subfield>
        </marc:datafield>
        <marc:datafield tag="050" ind1="0" ind2="0">
            <marc:subfield code="a">HD9004.3</marc:subfield>
            <marc:subfield code="b">.A44</marc:subfield>
        </marc:datafield>
        <marc:datafield tag="070" ind1="0" ind2=" ">
            <marc:subfield code="a">A281.9</marc:subfield>
            <marc:subfield code="b">Ag83 no.15</marc:subfield>
        </marc:datafield>
        <marc:datafield tag="072" ind1=" " ind2="0">
            <marc:subfield code="a">E130</marc:subfield>
        </marc:datafield>
        <marc:datafield tag="086" ind1="0" ind2=" ">
            <marc:subfield code="a">A 93.21/2:15</marc:subfield>
        </marc:datafield>
        <marc:datafield tag="110" ind1="1" ind2=" ">
            <marc:subfield code="a">United States.</marc:subfield>
            <marc:subfield code="b">Department of Agriculture.</marc:subfield>
            <marc:subfield code="b">Economic Research Service.</marc:subfield>
            <marc:subfield code="b">Trade Statistics and Analysis Branch.</marc:subfield>
            <marc:subfield code="0">http://id.loc.gov/authorities/names/n50057761</marc:subfield>
        </marc:datafield>
        <marc:datafield tag="245" ind1="1" ind2="0">
            <marc:subfield code="a">Europe and Asia take most of 1960 U.S. agricultural export gains.</marc:subfield>
        </marc:datafield>
        <marc:datafield tag="260" ind1=" " ind2=" ">
            <marc:subfield code="a">[Washington]</marc:subfield>
            <marc:subfield code="b">Economic Research Service, U.S. Dept. of Agriculture,</marc:subfield>
            <marc:subfield code="c">1961.</marc:subfield>
        </marc:datafield>
        <marc:datafield tag="300" ind1=" " ind2=" ">
            <marc:subfield code="a">16 pages</marc:subfield>
            <marc:subfield code="c">27 cm.</marc:subfield>
        </marc:datafield>
        <marc:datafield tag="336" ind1=" " ind2=" ">
            <marc:subfield code="a">text</marc:subfield>
            <marc:subfield code="b">txt</marc:subfield>
            <marc:subfield code="2">rdacontent</marc:subfield>
        </marc:datafield>
        <marc:datafield tag="337" ind1=" " ind2=" ">
            <marc:subfield code="a">unmediated</marc:subfield>
            <marc:subfield code="b">n</marc:subfield>
            <marc:subfield code="2">rdamedia</marc:subfield>
        </marc:datafield>
        <marc:datafield tag="338" ind1=" " ind2=" ">
            <marc:subfield code="a">volume</marc:subfield>
            <marc:subfield code="b">nc</marc:subfield>
            <marc:subfield code="2">rdacarrier</marc:subfield>
        </marc:datafield>
        <marc:datafield tag="490" ind1="1" ind2=" ">
            <marc:subfield code="a">United States. Dept. of Agriculture. Economic Research Service. ERS-Foreign</marc:subfield>
            <marc:subfield code="v">15</marc:subfield>
        </marc:datafield>
        <marc:datafield tag="591" ind1=" " ind2=" ">
            <marc:subfield code="b">NAL Reclamation</marc:subfield>
        </marc:datafield>
        <marc:datafield tag="593" ind1=" " ind2=" ">
            <marc:subfield code="f">Agricola CAT</marc:subfield>
        </marc:datafield>
        <marc:datafield tag="650" ind1=" " ind2="0">
            <marc:subfield code="a">Produce trade</marc:subfield>
            <marc:subfield code="z">United States</marc:subfield>
            <marc:subfield code="v">Statistics.</marc:subfield>
        </marc:datafield>
        <marc:datafield tag="651" ind1=" " ind2="7">
            <marc:subfield code="a">United States.</marc:subfield>
            <marc:subfield code="2">fast</marc:subfield>
            <marc:subfield code="0">(OCoLC)fst01204155</marc:subfield>
        </marc:datafield>
        <marc:datafield tag="655" ind1=" " ind2="3">
            <marc:subfield code="a">Internet resource.</marc:subfield>
        </marc:datafield>
        <marc:datafield tag="655" ind1=" " ind2="7">
            <marc:subfield code="a">Statistics.</marc:subfield>
            <marc:subfield code="2">fast</marc:subfield>
            <marc:subfield code="0">(OCoLC)fst01423727</marc:subfield>
        </marc:datafield>
        <marc:datafield tag="830" ind1=" " ind2="0">
            <marc:subfield code="a">ERS-foreign ;</marc:subfield>
            <marc:subfield code="v">15.</marc:subfield>
        </marc:datafield>
        <marc:datafield tag="841" ind1=" " ind2=" ">
            <marc:subfield code="a">x</marc:subfield>
            <marc:subfield code="b">8709220u    0   4   uu   1870922</marc:subfield>
            <marc:subfield code="e">z</marc:subfield>
        </marc:datafield>
        <marc:datafield tag="852" ind1=" " ind2=" ">
            <marc:subfield code="a">DNAL</marc:subfield>
            <marc:subfield code="i">A281.9 Ag83 no.15</marc:subfield>
        </marc:datafield>
        <marc:datafield tag="856" ind1="4" ind2="0">
            <marc:subfield code="u">https://archive.org/details/europeasiatakemo15unit</marc:subfield>
        </marc:datafield>
        <marc:datafield tag="912" ind1=" " ind2=" ">
            <marc:subfield code="a">nalcatalog</marc:subfield>
        </marc:datafield>
        <marc:datafield tag="930" ind1=" " ind2=" ">
            <marc:subfield code="a">20140305</marc:subfield>
            <marc:subfield code="b">20140404</marc:subfield>
            <marc:subfield code="c">00000000</marc:subfield>
        </marc:datafield>
        <marc:datafield tag="945" ind1=" " ind2=" ">
            <marc:subfield code="a">UIU</marc:subfield>
            <marc:subfield code="p">22</marc:subfield>
            <marc:subfield code="a">DigiMet</marc:subfield>
        </marc:datafield>
        <marc:datafield tag="946" ind1=" " ind2=" ">
            <marc:subfield code="a">USDA</marc:subfield>
        </marc:datafield>
        <marc:datafield tag="959" ind1=" " ind2=" ">
            <marc:subfield code="c">2013-04-02</marc:subfield>
            <marc:subfield code="e">ssouder</marc:subfield>
            <marc:subfield code="g">ap</marc:subfield>
        </marc:datafield>
        <marc:datafield tag="994" ind1=" " ind2=" ">
            <marc:subfield code="a">92</marc:subfield>
            <marc:subfield code="b">AGL</marc:subfield>
        </marc:datafield>
    </marc:record>
</marc:collection>