<?xml version="1.0" encoding="utf-8"?>
<marc:collection xmlns:xsi="http://www.w3.org/2001/XMLSchema-instance"
                 xmlns:f="http://functions"
                 xmlns:xs="http://www.w3.org/2001/XMLSchema"
                 xmlns:local="http://www.loc.org/namespace"
                 xmlns:marc="http://www.loc.gov/MARC21/slim"
                 xsi:schemaLocation="http://www.loc.gov/MARC21/slim http://www.loc.gov/standards/marcxml/schema/MARC21slim.xsd">
   <marc:record>
      <marc:leader>01520cam a22004577a 4500</marc:leader>
      <marc:controlfield tag="001">9915467853507426</marc:controlfield>
      <marc:controlfield tag="005">20240624173130.0</marc:controlfield>
      <marc:controlfield tag="008">130327s1921    mdua     c    001 0 eng d</marc:controlfield>
      <marc:datafield ind1="7" ind2=" " tag="016">
         <marc:subfield code="a">CAT31118890</marc:subfield>
         <marc:subfield code="2">DNAL</marc:subfield>
      </marc:datafield>
      <marc:datafield ind1=" " ind2=" " tag="035">
         <marc:subfield code="a">1118890</marc:subfield>
      </marc:datafield>
      <marc:datafield ind1=" " ind2=" " tag="035">
         <marc:subfield code="a">(OCoLC)832709098</marc:subfield>
      </marc:datafield>
      <marc:datafield ind1=" " ind2=" " tag="035">
         <marc:subfield code="a">(DNAL)1118890-naldb-Voyager</marc:subfield>
      </marc:datafield>
      <marc:datafield ind1=" " ind2=" " tag="040">
         <marc:subfield code="a">AGL</marc:subfield>
         <marc:subfield code="b">eng</marc:subfield>
         <marc:subfield code="c">AGL</marc:subfield>
         <marc:subfield code="d">OCLCF</marc:subfield>
         <marc:subfield code="d">OCLCO</marc:subfield>
         <marc:subfield code="d">OCLCQ</marc:subfield>
         <marc:subfield code="d">AGL</marc:subfield>
      </marc:datafield>
      <marc:datafield ind1=" " ind2=" " tag="049">
         <marc:subfield code="a">AGLL</marc:subfield>
      </marc:datafield>
      <marc:datafield ind1="0" ind2=" " tag="070">
         <marc:subfield code="a">62.37</marc:subfield>
         <marc:subfield code="b">1921</marc:subfield>
      </marc:datafield>
      <marc:datafield ind1="0" ind2="0" tag="245">
         <marc:subfield code="a">1921 Griffith and Turner Co. :</marc:subfield>
         <marc:subfield code="b">farm and garden supplies.</marc:subfield>
      </marc:datafield>
      <marc:datafield ind1=" " ind2=" " tag="260">
         <marc:subfield code="a">Baltimore, Md. :</marc:subfield>
         <marc:subfield code="b">Griffith and Turner Co.,</marc:subfield>
         <marc:subfield code="c">1921.</marc:subfield>
      </marc:datafield>
      <marc:datafield ind1=" " ind2=" " tag="300">
         <marc:subfield code="a">192 pages :</marc:subfield>
         <marc:subfield code="b">illustrations</marc:subfield>
      </marc:datafield>
      <marc:datafield ind1=" " ind2=" " tag="336">
         <marc:subfield code="a">text</marc:subfield>
         <marc:subfield code="b">txt</marc:subfield>
         <marc:subfield code="2">rdacontent</marc:subfield>
      </marc:datafield>
      <marc:datafield ind1=" " ind2=" " tag="337">
         <marc:subfield code="a">unmediated</marc:subfield>
         <marc:subfield code="b">n</marc:subfield>
         <marc:subfield code="2">rdamedia</marc:subfield>
      </marc:datafield>
      <marc:datafield ind1=" " ind2=" " tag="338">
         <marc:subfield code="a">volume</marc:subfield>
         <marc:subfield code="b">nc</marc:subfield>
         <marc:subfield code="2">rdacarrier</marc:subfield>
      </marc:datafield>
      <marc:datafield ind1=" " ind2=" " tag="591">
         <marc:subfield code="b">NAL Reclamation</marc:subfield>
      </marc:datafield>
      <marc:datafield ind1=" " ind2=" " tag="593">
         <marc:subfield code="f">Agricola CAT</marc:subfield>
      </marc:datafield>
      <marc:datafield ind1=" " ind2="0" tag="650">
         <marc:subfield code="a">Gardening</marc:subfield>
         <marc:subfield code="x">Equipment and supplies</marc:subfield>
         <marc:subfield code="v">Catalogs.</marc:subfield>
      </marc:datafield>
      <marc:datafield ind1=" " ind2="0" tag="650">
         <marc:subfield code="a">Agricultural implements</marc:subfield>
         <marc:subfield code="v">Catalogs.</marc:subfield>
      </marc:datafield>
      <marc:datafield ind1=" " ind2="0" tag="650">
         <marc:subfield code="a">Seeds</marc:subfield>
         <marc:subfield code="v">Catalogs.</marc:subfield>
      </marc:datafield>
      <marc:datafield ind1=" " ind2="0" tag="650">
         <marc:subfield code="a">Bulbs (Plants)</marc:subfield>
         <marc:subfield code="v">Catalogs.</marc:subfield>
      </marc:datafield>
      <marc:datafield ind1=" " ind2="0" tag="650">
         <marc:subfield code="a">Vegetables</marc:subfield>
         <marc:subfield code="v">Catalogs.</marc:subfield>
      </marc:datafield>
      <marc:datafield ind1=" " ind2="0" tag="650">
         <marc:subfield code="a">Flowers</marc:subfield>
         <marc:subfield code="v">Catalogs.</marc:subfield>
      </marc:datafield>
      <marc:datafield ind1=" " ind2="3" tag="655">
         <marc:subfield code="a">Internet resource.</marc:subfield>
      </marc:datafield>
      <marc:datafield ind1=" " ind2="7" tag="655">
         <marc:subfield code="a">Catalogs.</marc:subfield>
         <marc:subfield code="2">fast</marc:subfield>
         <marc:subfield code="0">(OCoLC)fst01423692</marc:subfield>
      </marc:datafield>
      <marc:datafield ind1="2" ind2=" " tag="710">
         <marc:subfield code="a">Griffith and Turner Co.</marc:subfield>
      </marc:datafield>
      <marc:datafield ind1="2" ind2=" " tag="710">
         <marc:subfield code="a">Henry G. Gilbert Nursery and Seed Trade Catalog Collection.</marc:subfield>
      </marc:datafield>
      <marc:datafield ind1="4" ind2="1" tag="856">
         <marc:subfield code="u">https://archive.org/details/1921griffithturn1921grif</marc:subfield>
      </marc:datafield>
      <marc:datafield ind1=" " ind2=" " tag="912">
         <marc:subfield code="a">nalcatalog</marc:subfield>
      </marc:datafield>
      <marc:datafield ind1=" " ind2=" " tag="930">
         <marc:subfield code="a">20140411</marc:subfield>
         <marc:subfield code="b">20140502</marc:subfield>
         <marc:subfield code="c">00000000</marc:subfield>
      </marc:datafield>
      <marc:datafield ind1=" " ind2=" " tag="939">
         <marc:subfield code="a">20130327</marc:subfield>
         <marc:subfield code="b">20130404</marc:subfield>
         <marc:subfield code="c">00000000</marc:subfield>
      </marc:datafield>
      <marc:datafield ind1=" " ind2=" " tag="946">
         <marc:subfield code="a">Other US</marc:subfield>
      </marc:datafield>
      <marc:datafield ind1=" " ind2=" " tag="958">
         <marc:subfield code="a">resource</marc:subfield>
         <marc:subfield code="b">e</marc:subfield>
         <marc:subfield code="c">2013-03-27</marc:subfield>
         <marc:subfield code="d">o</marc:subfield>
         <marc:subfield code="e">jondusko</marc:subfield>
         <marc:subfield code="h">recon</marc:subfield>
      </marc:datafield>
      <marc:datafield ind1=" " ind2=" " tag="994">
         <marc:subfield code="a">92</marc:subfield>
         <marc:subfield code="b">AGL</marc:subfield>
      </marc:datafield>
      <marc:datafield ind1=" " ind2=" " tag="AVA">
         <marc:subfield code="0">9915467853507426</marc:subfield>
         <marc:subfield code="8">22164381740007426</marc:subfield>
         <marc:subfield code="a">01NAL_INST</marc:subfield>
         <marc:subfield code="b">NAL</marc:subfield>
         <marc:subfield code="c">Stacks</marc:subfield>
         <marc:subfield code="d">62.37 1921</marc:subfield>
         <marc:subfield code="e">check_holdings</marc:subfield>
         <marc:subfield code="j">stacks</marc:subfield>
         <marc:subfield code="k">dnal</marc:subfield>
         <marc:subfield code="p">1</marc:subfield>
         <marc:subfield code="q">National Agricultural Library</marc:subfield>
      </marc:datafield>
      <marc:datafield ind1=" " ind2=" " tag="AVE">
         <marc:subfield code="8">53198287540007426</marc:subfield>
         <marc:subfield code="e">Available</marc:subfield>
         <marc:subfield code="l">NAL</marc:subfield>
         <marc:subfield code="a">01NAL_INST</marc:subfield>
         <marc:subfield code="0">9915467853507426</marc:subfield>
      </marc:datafield>
   </marc:record>
</marc:collection>
