<?xml version="1.0" encoding="UTF-8"?>
<marc:record xmlns:marc="http://www.loc.gov/MARC21/slim">
   <marc:leader>01606cam a2200433Ia 4500</marc:leader>
   <marc:controlfield tag="001">9915453163707426</marc:controlfield>
   <marc:controlfield tag="005">20240624190946.0</marc:controlfield>
   <marc:controlfield tag="008">091118s1911    paua          001 0 eng d</marc:controlfield>
   <marc:datafield ind1="7" ind2=" " tag="016">
      <marc:subfield code="a">CAT31039358</marc:subfield>
      <marc:subfield code="2">DNAL</marc:subfield>
   </marc:datafield>
   <marc:datafield ind1=" " ind2=" " tag="035">
      <marc:subfield code="a">1039358</marc:subfield>
   </marc:datafield>
   <marc:datafield ind1=" " ind2=" " tag="035">
      <marc:subfield code="a">(OCoLC)39151507</marc:subfield>
   </marc:datafield>
   <marc:datafield ind1=" " ind2=" " tag="035">
      <marc:subfield code="a">(DNAL)1039358-naldb-Voyager</marc:subfield>
   </marc:datafield>
   <marc:datafield ind1=" " ind2=" " tag="040">
      <marc:subfield code="a">NYP</marc:subfield>
      <marc:subfield code="b">eng</marc:subfield>
      <marc:subfield code="c">NYP</marc:subfield>
      <marc:subfield code="d">AGL</marc:subfield>
      <marc:subfield code="d">OCLCQ</marc:subfield>
      <marc:subfield code="d">OCLCF</marc:subfield>
      <marc:subfield code="d">OCLCQ</marc:subfield>
      <marc:subfield code="d">OCLCO</marc:subfield>
   </marc:datafield>
   <marc:datafield ind1=" " ind2=" " tag="049">
      <marc:subfield code="a">AGLL</marc:subfield>
   </marc:datafield>
   <marc:datafield ind1="0" ind2=" " tag="070">
      <marc:subfield code="a">SF487</marc:subfield>
      <marc:subfield code="b">.A16 1911</marc:subfield>
   </marc:datafield>
   <marc:datafield ind1="0" ind2="0" tag="245">
      <marc:subfield code="a">$6.41 per hen per year :</marc:subfield>
      <marc:subfield code="b">the Corning egg-book : illustrating the poultry methods originated by the late Prof. G.M. Gowell, of Maine, and perfected by Edward and Gardner Corning /</marc:subfield>
      <marc:subfield code="c">edited by Wilmer Atkinson Co.</marc:subfield>
   </marc:datafield>
   <marc:datafield ind1="3" ind2="0" tag="246">
      <marc:subfield code="a">Corning egg-book</marc:subfield>
   </marc:datafield>
   <marc:datafield ind1=" " ind2=" " tag="250">
      <marc:subfield code="a">[Rev. ed. for 1911-12].</marc:subfield>
   </marc:datafield>
   <marc:datafield ind1=" " ind2=" " tag="260">
      <marc:subfield code="a">[Philadelphia] :</marc:subfield>
      <marc:subfield code="b">Wilmer Atkinson Co.,</marc:subfield>
      <marc:subfield code="c">1911.</marc:subfield>
   </marc:datafield>
   <marc:datafield ind1=" " ind2=" " tag="300">
      <marc:subfield code="a">64 pages :</marc:subfield>
      <marc:subfield code="b">illustrations ;</marc:subfield>
      <marc:subfield code="c">23 cm</marc:subfield>
   </marc:datafield>
   <marc:datafield ind1=" " ind2=" " tag="336">
      <marc:subfield code="a">text</marc:subfield>
      <marc:subfield code="b">txt</marc:subfield>
      <marc:subfield code="2">rdacontent</marc:subfield>
   </marc:datafield>
   <marc:datafield ind1=" " ind2=" " tag="337">
      <marc:subfield code="a">unmediated</marc:subfield>
      <marc:subfield code="b">n</marc:subfield>
      <marc:subfield code="2">rdamedia</marc:subfield>
   </marc:datafield>
   <marc:datafield ind1=" " ind2=" " tag="338">
      <marc:subfield code="a">volume</marc:subfield>
      <marc:subfield code="b">nc</marc:subfield>
      <marc:subfield code="2">rdacarrier</marc:subfield>
   </marc:datafield>
   <marc:datafield ind1=" " ind2=" " tag="591">
      <marc:subfield code="b">NAL Reclamation</marc:subfield>
   </marc:datafield>
   <marc:datafield ind1=" " ind2=" " tag="593">
      <marc:subfield code="f">Agricola CAT</marc:subfield>
   </marc:datafield>
   <marc:datafield ind1=" " ind2="0" tag="650">
      <marc:subfield code="a">Eggs</marc:subfield>
      <marc:subfield code="x">Production.</marc:subfield>
      <marc:subfield code="0">http://id.loc.gov/authorities/subjects/sh85041242</marc:subfield>
   </marc:datafield>
   <marc:datafield ind1=" " ind2="0" tag="650">
      <marc:subfield code="a">Poultry</marc:subfield>
      <marc:subfield code="x">Economic aspects.</marc:subfield>
   </marc:datafield>
   <marc:datafield ind1=" " ind2="3" tag="655">
      <marc:subfield code="a">Internet resource.</marc:subfield>
   </marc:datafield>
   <marc:datafield ind1="1" ind2=" " tag="700">
      <marc:subfield code="a">Gowell, G. M.</marc:subfield>
   </marc:datafield>
   <marc:datafield ind1="1" ind2=" " tag="700">
      <marc:subfield code="a">Corning, Edward.</marc:subfield>
   </marc:datafield>
   <marc:datafield ind1="1" ind2=" " tag="700">
      <marc:subfield code="a">Corning, Gardner.</marc:subfield>
   </marc:datafield>
   <marc:datafield ind1="2" ind2=" " tag="710">
      <marc:subfield code="a">Wilmer Atkinson Company.</marc:subfield>
      <marc:subfield code="0">http://id.loc.gov/authorities/names/no2012107155</marc:subfield>
   </marc:datafield>
   <marc:datafield ind1="4" ind2="1" tag="856">
      <marc:subfield code="u">https://archive.org/details/641perhenperyear00gowe</marc:subfield>
   </marc:datafield>
   <marc:datafield ind1=" " ind2=" " tag="912">
      <marc:subfield code="a">nalcatalog</marc:subfield>
   </marc:datafield>
   <marc:datafield ind1=" " ind2=" " tag="930">
      <marc:subfield code="a">20140702</marc:subfield>
      <marc:subfield code="b">20140807</marc:subfield>
      <marc:subfield code="c">00000000</marc:subfield>
   </marc:datafield>
   <marc:datafield ind1=" " ind2=" " tag="939">
      <marc:subfield code="a">20101208</marc:subfield>
      <marc:subfield code="b">20110101</marc:subfield>
      <marc:subfield code="c">00000000</marc:subfield>
   </marc:datafield>
   <marc:datafield ind1=" " ind2=" " tag="946">
      <marc:subfield code="a">Other US</marc:subfield>
   </marc:datafield>
   <marc:datafield ind1=" " ind2=" " tag="958">
      <marc:subfield code="b">e</marc:subfield>
      <marc:subfield code="c">2010-12-08</marc:subfield>
      <marc:subfield code="d">n</marc:subfield>
      <marc:subfield code="e">dfriedma</marc:subfield>
   </marc:datafield>
   <marc:datafield ind1=" " ind2=" " tag="994">
      <marc:subfield code="a">92</marc:subfield>
      <marc:subfield code="b">AGL</marc:subfield>
   </marc:datafield>
   <marc:datafield ind1=" " ind2=" " tag="AVA">
      <marc:subfield code="0">9915453163707426</marc:subfield>
      <marc:subfield code="8">22160659560007426</marc:subfield>
      <marc:subfield code="a">01NAL_INST</marc:subfield>
      <marc:subfield code="b">NAL</marc:subfield>
      <marc:subfield code="c">Stacks</marc:subfield>
      <marc:subfield code="d">SF487 .A16 1911</marc:subfield>
      <marc:subfield code="e">available</marc:subfield>
      <marc:subfield code="f">1</marc:subfield>
      <marc:subfield code="g">0</marc:subfield>
      <marc:subfield code="j">stacks</marc:subfield>
      <marc:subfield code="k">0</marc:subfield>
      <marc:subfield code="p">1</marc:subfield>
      <marc:subfield code="q">National Agricultural Library</marc:subfield>
   </marc:datafield>
   <marc:datafield ind1=" " ind2=" " tag="AVE">
      <marc:subfield code="8">53201046360007426</marc:subfield>
      <marc:subfield code="e">Available</marc:subfield>
      <marc:subfield code="l">NAL</marc:subfield>
      <marc:subfield code="a">01NAL_INST</marc:subfield>
      <marc:subfield code="0">9915453163707426</marc:subfield>
   </marc:datafield>
</marc:record>
