<?xml version="1.0" encoding="UTF-8"?>
<marc:record xmlns:marc="http://www.loc.gov/MARC21/slim">
   <marc:leader>01785cam a2200493 a 4500</marc:leader>
   <marc:controlfield tag="001">9915506743807426</marc:controlfield>
   <marc:controlfield tag="005">20240620170824.0</marc:controlfield>
   <marc:controlfield tag="008">080814s1958    cau          f000 0 eng^^</marc:controlfield>
   <marc:datafield ind1="7" ind2=" " tag="016">
      <marc:subfield code="a">CAT31010693</marc:subfield>
      <marc:subfield code="2">DNAL</marc:subfield>
   </marc:datafield>
   <marc:datafield ind1=" " ind2=" " tag="035">
      <marc:subfield code="a">1010693</marc:subfield>
   </marc:datafield>
   <marc:datafield ind1=" " ind2=" " tag="035">
      <marc:subfield code="a">(OCoLC)243776971</marc:subfield>
   </marc:datafield>
   <marc:datafield ind1=" " ind2=" " tag="035">
      <marc:subfield code="a">(DNAL)1010693-naldb-Voyager</marc:subfield>
   </marc:datafield>
   <marc:datafield ind1=" " ind2=" " tag="040">
      <marc:subfield code="a">AGL</marc:subfield>
      <marc:subfield code="b">eng</marc:subfield>
      <marc:subfield code="c">AGL</marc:subfield>
      <marc:subfield code="d">AGL</marc:subfield>
      <marc:subfield code="d">MTG</marc:subfield>
      <marc:subfield code="d">OCLCQ</marc:subfield>
      <marc:subfield code="d">OCLCF</marc:subfield>
      <marc:subfield code="d">AGM</marc:subfield>
      <marc:subfield code="d">OCLCQ</marc:subfield>
      <marc:subfield code="d">OCLCO</marc:subfield>
   </marc:datafield>
   <marc:datafield ind1=" " ind2=" " tag="043">
      <marc:subfield code="a">n-us-ca</marc:subfield>
   </marc:datafield>
   <marc:datafield ind1=" " ind2=" " tag="049">
      <marc:subfield code="a">AGLL</marc:subfield>
   </marc:datafield>
   <marc:datafield ind1="0" ind2=" " tag="070">
      <marc:subfield code="a">1.9622</marc:subfield>
      <marc:subfield code="b">C2M68 no. 26</marc:subfield>
   </marc:datafield>
   <marc:datafield ind1="0" ind2=" " tag="086">
      <marc:subfield code="a">A 13.62/9:26</marc:subfield>
   </marc:datafield>
   <marc:datafield ind1="0" ind2="0" tag="245">
      <marc:subfield code="a">"What's wrong with my trees?" :</marc:subfield>
      <marc:subfield code="b">oaks and laurels in California hard hit by leaf diseases.</marc:subfield>
   </marc:datafield>
   <marc:datafield ind1="3" ind2="0" tag="246">
      <marc:subfield code="a">Oaks and laurels in California hard hit by leaf diseases</marc:subfield>
   </marc:datafield>
   <marc:datafield ind1=" " ind2=" " tag="260">
      <marc:subfield code="a">[Berkeley, Calif.] :</marc:subfield>
      <marc:subfield code="b">California Forest and Range Experiment Station,</marc:subfield>
      <marc:subfield code="c">[1958]</marc:subfield>
   </marc:datafield>
   <marc:datafield ind1=" " ind2=" " tag="300">
      <marc:subfield code="a">2 unnumbered pages ;</marc:subfield>
      <marc:subfield code="c">27 cm</marc:subfield>
   </marc:datafield>
   <marc:datafield ind1=" " ind2=" " tag="336">
      <marc:subfield code="a">text</marc:subfield>
      <marc:subfield code="b">txt</marc:subfield>
      <marc:subfield code="2">rdacontent</marc:subfield>
   </marc:datafield>
   <marc:datafield ind1=" " ind2=" " tag="337">
      <marc:subfield code="a">unmediated</marc:subfield>
      <marc:subfield code="b">n</marc:subfield>
      <marc:subfield code="2">rdamedia</marc:subfield>
   </marc:datafield>
   <marc:datafield ind1=" " ind2=" " tag="338">
      <marc:subfield code="a">volume</marc:subfield>
      <marc:subfield code="b">nc</marc:subfield>
      <marc:subfield code="2">rdacarrier</marc:subfield>
   </marc:datafield>
   <marc:datafield ind1="1" ind2=" " tag="490">
      <marc:subfield code="a">Miscellaneous paper / California Forest and Range Experiment Station ;</marc:subfield>
      <marc:subfield code="v">no. 26</marc:subfield>
   </marc:datafield>
   <marc:datafield ind1=" " ind2=" " tag="591">
      <marc:subfield code="b">NAL Reclamation</marc:subfield>
   </marc:datafield>
   <marc:datafield ind1=" " ind2=" " tag="593">
      <marc:subfield code="f">Agricola CAT</marc:subfield>
   </marc:datafield>
   <marc:datafield ind1=" " ind2="0" tag="650">
      <marc:subfield code="a">Leaves</marc:subfield>
      <marc:subfield code="x">Diseases and pests</marc:subfield>
      <marc:subfield code="z">California.</marc:subfield>
   </marc:datafield>
   <marc:datafield ind1=" " ind2="0" tag="650">
      <marc:subfield code="a">Oak</marc:subfield>
      <marc:subfield code="x">Diseases and pests</marc:subfield>
      <marc:subfield code="z">California.</marc:subfield>
   </marc:datafield>
   <marc:datafield ind1=" " ind2="0" tag="650">
      <marc:subfield code="a">Laurel</marc:subfield>
      <marc:subfield code="x">Diseases and pests</marc:subfield>
      <marc:subfield code="z">California.</marc:subfield>
   </marc:datafield>
   <marc:datafield ind1=" " ind2="3" tag="650">
      <marc:subfield code="a">Lauraceae.</marc:subfield>
   </marc:datafield>
   <marc:datafield ind1=" " ind2="3" tag="650">
      <marc:subfield code="a">plant diseases and disorders.</marc:subfield>
   </marc:datafield>
   <marc:datafield ind1=" " ind2="3" tag="650">
      <marc:subfield code="a">Quercus.</marc:subfield>
   </marc:datafield>
   <marc:datafield ind1=" " ind2="3" tag="651">
      <marc:subfield code="a">California</marc:subfield>
   </marc:datafield>
   <marc:datafield ind1=" " ind2="7" tag="651">
      <marc:subfield code="a">California.</marc:subfield>
      <marc:subfield code="2">fast</marc:subfield>
      <marc:subfield code="0">(OCoLC)fst01204928</marc:subfield>
   </marc:datafield>
   <marc:datafield ind1=" " ind2="3" tag="655">
      <marc:subfield code="a">Internet resource.</marc:subfield>
   </marc:datafield>
   <marc:datafield ind1=" " ind2="0" tag="830">
      <marc:subfield code="a">Miscellaneous paper (California Forest and Range Experiment Station) ;</marc:subfield>
      <marc:subfield code="v">no. 26.</marc:subfield>
   </marc:datafield>
   <marc:datafield ind1="4" ind2="1" tag="856">
      <marc:subfield code="u">https://archive.org/details/whatswrongwithmy26unse</marc:subfield>
   </marc:datafield>
   <marc:datafield ind1=" " ind2=" " tag="912">
      <marc:subfield code="a">nalcatalog</marc:subfield>
   </marc:datafield>
   <marc:datafield ind1=" " ind2=" " tag="930">
      <marc:subfield code="a">20140505</marc:subfield>
      <marc:subfield code="b">20140606</marc:subfield>
      <marc:subfield code="c">00000000</marc:subfield>
   </marc:datafield>
   <marc:datafield ind1=" " ind2=" " tag="939">
      <marc:subfield code="a">20080815</marc:subfield>
      <marc:subfield code="b">20080905</marc:subfield>
      <marc:subfield code="c">00000000</marc:subfield>
   </marc:datafield>
   <marc:datafield ind1=" " ind2=" " tag="945">
      <marc:subfield code="d">vshen</marc:subfield>
      <marc:subfield code="e">2008/08/14</marc:subfield>
   </marc:datafield>
   <marc:datafield ind1=" " ind2=" " tag="946">
      <marc:subfield code="a">USDA</marc:subfield>
   </marc:datafield>
   <marc:datafield ind1=" " ind2=" " tag="994">
      <marc:subfield code="a">92</marc:subfield>
      <marc:subfield code="b">AGL</marc:subfield>
   </marc:datafield>
   <marc:datafield ind1=" " ind2=" " tag="AVA">
      <marc:subfield code="0">9915506743807426</marc:subfield>
      <marc:subfield code="8">22174832610007426</marc:subfield>
      <marc:subfield code="a">01NAL_INST</marc:subfield>
      <marc:subfield code="b">NAL</marc:subfield>
      <marc:subfield code="c">Stacks</marc:subfield>
      <marc:subfield code="d">1.9622 C2M68 no. 26</marc:subfield>
      <marc:subfield code="e">available</marc:subfield>
      <marc:subfield code="f">1</marc:subfield>
      <marc:subfield code="g">0</marc:subfield>
      <marc:subfield code="j">stacks</marc:subfield>
      <marc:subfield code="k">dnal</marc:subfield>
      <marc:subfield code="p">1</marc:subfield>
      <marc:subfield code="q">National Agricultural Library</marc:subfield>
   </marc:datafield>
   <marc:datafield ind1=" " ind2=" " tag="AVE">
      <marc:subfield code="8">53203228230007426</marc:subfield>
      <marc:subfield code="e">Available</marc:subfield>
      <marc:subfield code="l">NAL</marc:subfield>
      <marc:subfield code="a">01NAL_INST</marc:subfield>
      <marc:subfield code="0">9915506743807426</marc:subfield>
   </marc:datafield>
</marc:record>
