<?xml version="1.0" encoding="UTF-8"?>
<marc:record xmlns:marc="http://www.loc.gov/MARC21/slim">
   <marc:leader>01449cac a22004337a 4500</marc:leader>
   <marc:controlfield tag="001">9915440911907426</marc:controlfield>
   <marc:controlfield tag="005">20240624180534.0</marc:controlfield>
   <marc:controlfield tag="008">130328s1937    mdua     c    000 0 eng d</marc:controlfield>
   <marc:datafield ind1="7" ind2=" " tag="016">
      <marc:subfield code="a">CAT31119156</marc:subfield>
      <marc:subfield code="2">DNAL</marc:subfield>
   </marc:datafield>
   <marc:datafield ind1=" " ind2=" " tag="035">
      <marc:subfield code="a">1119156</marc:subfield>
   </marc:datafield>
   <marc:datafield ind1=" " ind2=" " tag="035">
      <marc:subfield code="a">(OCoLC)833154459</marc:subfield>
   </marc:datafield>
   <marc:datafield ind1=" " ind2=" " tag="035">
      <marc:subfield code="a">(DNAL)1119156-naldb-Voyager</marc:subfield>
   </marc:datafield>
   <marc:datafield ind1=" " ind2=" " tag="040">
      <marc:subfield code="a">AGL</marc:subfield>
      <marc:subfield code="b">eng</marc:subfield>
      <marc:subfield code="c">AGL</marc:subfield>
      <marc:subfield code="d">OCLCQ</marc:subfield>
      <marc:subfield code="d">OCLCF</marc:subfield>
      <marc:subfield code="d">OCLCQ</marc:subfield>
      <marc:subfield code="d">AGL</marc:subfield>
   </marc:datafield>
   <marc:datafield ind1=" " ind2=" " tag="049">
      <marc:subfield code="a">AGLL</marc:subfield>
   </marc:datafield>
   <marc:datafield ind1="0" ind2=" " tag="070">
      <marc:subfield code="a">62.37</marc:subfield>
      <marc:subfield code="b">1937</marc:subfield>
   </marc:datafield>
   <marc:datafield ind1="0" ind2="0" tag="245">
      <marc:subfield code="a">1937 Pryor's descriptive catalogue of high-grade strawberry plants and how to grow them.</marc:subfield>
   </marc:datafield>
   <marc:datafield ind1=" " ind2=" " tag="260">
      <marc:subfield code="a">Salisbury, Md. :</marc:subfield>
      <marc:subfield code="b">M.S. Pryor,</marc:subfield>
      <marc:subfield code="c">1937.</marc:subfield>
   </marc:datafield>
   <marc:datafield ind1=" " ind2=" " tag="300">
      <marc:subfield code="a">11 pages :</marc:subfield>
      <marc:subfield code="b">illustrations</marc:subfield>
   </marc:datafield>
   <marc:datafield ind1=" " ind2=" " tag="336">
      <marc:subfield code="a">text</marc:subfield>
      <marc:subfield code="b">txt</marc:subfield>
      <marc:subfield code="2">rdacontent</marc:subfield>
   </marc:datafield>
   <marc:datafield ind1=" " ind2=" " tag="337">
      <marc:subfield code="a">unmediated</marc:subfield>
      <marc:subfield code="b">n</marc:subfield>
      <marc:subfield code="2">rdamedia</marc:subfield>
   </marc:datafield>
   <marc:datafield ind1=" " ind2=" " tag="338">
      <marc:subfield code="a">volume</marc:subfield>
      <marc:subfield code="b">nc</marc:subfield>
      <marc:subfield code="2">rdacarrier</marc:subfield>
   </marc:datafield>
   <marc:datafield ind1=" " ind2=" " tag="591">
      <marc:subfield code="b">NAL Reclamation</marc:subfield>
   </marc:datafield>
   <marc:datafield ind1=" " ind2=" " tag="593">
      <marc:subfield code="f">Agricola CAT</marc:subfield>
   </marc:datafield>
   <marc:datafield ind1="2" ind2="0" tag="610">
      <marc:subfield code="a">M.S. Pryor (Firm)</marc:subfield>
      <marc:subfield code="v">Catalogs.</marc:subfield>
   </marc:datafield>
   <marc:datafield ind1=" " ind2="0" tag="650">
      <marc:subfield code="a">Nurseries (Horticulture)</marc:subfield>
      <marc:subfield code="v">Catalogs.</marc:subfield>
   </marc:datafield>
   <marc:datafield ind1=" " ind2="0" tag="650">
      <marc:subfield code="a">Strawberries</marc:subfield>
      <marc:subfield code="v">Catalogs.</marc:subfield>
   </marc:datafield>
   <marc:datafield ind1=" " ind2="3" tag="655">
      <marc:subfield code="a">Internet resource.</marc:subfield>
   </marc:datafield>
   <marc:datafield ind1=" " ind2="7" tag="655">
      <marc:subfield code="a">Catalogs.</marc:subfield>
      <marc:subfield code="2">fast</marc:subfield>
      <marc:subfield code="0">(OCoLC)fst01423692</marc:subfield>
   </marc:datafield>
   <marc:datafield ind1="2" ind2=" " tag="710">
      <marc:subfield code="a">M.S. Pryor (Firm)</marc:subfield>
   </marc:datafield>
   <marc:datafield ind1="2" ind2=" " tag="710">
      <marc:subfield code="a">Henry G. Gilbert Nursery and Seed Trade Catalog Collection.</marc:subfield>
   </marc:datafield>
   <marc:datafield ind1="4" ind2="1" tag="856">
      <marc:subfield code="u">https://archive.org/details/1937pryorsdescri1937mspr</marc:subfield>
   </marc:datafield>
   <marc:datafield ind1=" " ind2=" " tag="912">
      <marc:subfield code="a">nalcatalog</marc:subfield>
   </marc:datafield>
   <marc:datafield ind1=" " ind2=" " tag="930">
      <marc:subfield code="a">20131211</marc:subfield>
      <marc:subfield code="b">20140103</marc:subfield>
      <marc:subfield code="c">00000000</marc:subfield>
   </marc:datafield>
   <marc:datafield ind1=" " ind2=" " tag="939">
      <marc:subfield code="a">20130328</marc:subfield>
      <marc:subfield code="b">20130404</marc:subfield>
      <marc:subfield code="c">00000000</marc:subfield>
   </marc:datafield>
   <marc:datafield ind1=" " ind2=" " tag="945">
      <marc:subfield code="a">DigiMet</marc:subfield>
   </marc:datafield>
   <marc:datafield ind1=" " ind2=" " tag="946">
      <marc:subfield code="a">Other US</marc:subfield>
   </marc:datafield>
   <marc:datafield ind1=" " ind2=" " tag="958">
      <marc:subfield code="a">resource</marc:subfield>
      <marc:subfield code="b">e</marc:subfield>
      <marc:subfield code="c">2013-03-28</marc:subfield>
      <marc:subfield code="d">o</marc:subfield>
      <marc:subfield code="e">jondusko</marc:subfield>
      <marc:subfield code="h">recon</marc:subfield>
   </marc:datafield>
   <marc:datafield ind1=" " ind2=" " tag="959">
      <marc:subfield code="c">2013-12-11</marc:subfield>
      <marc:subfield code="e">ssouder</marc:subfield>
      <marc:subfield code="g">url</marc:subfield>
   </marc:datafield>
   <marc:datafield ind1=" " ind2=" " tag="994">
      <marc:subfield code="a">92</marc:subfield>
      <marc:subfield code="b">AGL</marc:subfield>
   </marc:datafield>
   <marc:datafield ind1=" " ind2=" " tag="AVA">
      <marc:subfield code="0">9915440911907426</marc:subfield>
      <marc:subfield code="8">22157411140007426</marc:subfield>
      <marc:subfield code="a">01NAL_INST</marc:subfield>
      <marc:subfield code="b">NAL</marc:subfield>
      <marc:subfield code="c">Stacks</marc:subfield>
      <marc:subfield code="d">62.37 1937</marc:subfield>
      <marc:subfield code="e">check_holdings</marc:subfield>
      <marc:subfield code="j">stacks</marc:subfield>
      <marc:subfield code="k">dnal</marc:subfield>
      <marc:subfield code="p">1</marc:subfield>
      <marc:subfield code="q">National Agricultural Library</marc:subfield>
   </marc:datafield>
   <marc:datafield ind1=" " ind2=" " tag="AVE">
      <marc:subfield code="8">53201990880007426</marc:subfield>
      <marc:subfield code="e">Available</marc:subfield>
      <marc:subfield code="l">NAL</marc:subfield>
      <marc:subfield code="a">01NAL_INST</marc:subfield>
      <marc:subfield code="0">9915440911907426</marc:subfield>
   </marc:datafield>
</marc:record>
