<?xml version="1.0" encoding="UTF-8"?>
<marc:record xmlns:marc="http://www.loc.gov/MARC21/slim">
   <marc:leader>01991cam a2200541 i 4500</marc:leader>
   <marc:controlfield tag="001">9915503092607426</marc:controlfield>
   <marc:controlfield tag="005">20240624182514.0</marc:controlfield>
   <marc:controlfield tag="008">100630m194019uudcu          f000 0 eng d</marc:controlfield>
   <marc:datafield ind1="7" ind2=" " tag="016">
      <marc:subfield code="a">CAT31066036</marc:subfield>
      <marc:subfield code="2">DNAL</marc:subfield>
   </marc:datafield>
   <marc:datafield ind1=" " ind2=" " tag="035">
      <marc:subfield code="a">1066036</marc:subfield>
   </marc:datafield>
   <marc:datafield ind1=" " ind2=" " tag="035">
      <marc:subfield code="a">(OCoLC)645087562</marc:subfield>
   </marc:datafield>
   <marc:datafield ind1=" " ind2=" " tag="035">
      <marc:subfield code="a">(DNAL)1066036-naldb-Voyager</marc:subfield>
   </marc:datafield>
   <marc:datafield ind1=" " ind2=" " tag="040">
      <marc:subfield code="a">AGL</marc:subfield>
      <marc:subfield code="b">eng</marc:subfield>
      <marc:subfield code="c">AGL</marc:subfield>
      <marc:subfield code="d">AGL</marc:subfield>
      <marc:subfield code="d">OCLCA</marc:subfield>
      <marc:subfield code="d">AGL</marc:subfield>
      <marc:subfield code="d">OCLCF</marc:subfield>
      <marc:subfield code="d">OCLCQ</marc:subfield>
   </marc:datafield>
   <marc:datafield ind1=" " ind2=" " tag="043">
      <marc:subfield code="a">n-us---</marc:subfield>
   </marc:datafield>
   <marc:datafield ind1=" " ind2=" " tag="049">
      <marc:subfield code="a">AGLL</marc:subfield>
   </marc:datafield>
   <marc:datafield ind1="0" ind2=" " tag="070">
      <marc:subfield code="a">1.914</marc:subfield>
      <marc:subfield code="b">R2K11</marc:subfield>
   </marc:datafield>
   <marc:datafield ind1="1" ind2=" " tag="110">
      <marc:subfield code="a">United States.</marc:subfield>
      <marc:subfield code="b">Department of Agriculture.</marc:subfield>
      <marc:subfield code="b">Radio Service.</marc:subfield>
      <marc:subfield code="0">http://id.loc.gov/authorities/names/no2001063588</marc:subfield>
   </marc:datafield>
   <marc:datafield ind1="1" ind2="0" tag="245">
      <marc:subfield code="a">[Addresses, statements etc.] /</marc:subfield>
      <marc:subfield code="c">by Wallace L. Kadderly.</marc:subfield>
   </marc:datafield>
   <marc:datafield ind1=" " ind2=" " tag="260">
      <marc:subfield code="a">[Washington, D.C.?] :</marc:subfield>
      <marc:subfield code="b">[U.S. Dept. of Agriculture Radio Service?],</marc:subfield>
      <marc:subfield code="c">[1940-]</marc:subfield>
   </marc:datafield>
   <marc:datafield ind1=" " ind2=" " tag="300">
      <marc:subfield code="a">volumes ;</marc:subfield>
      <marc:subfield code="c">27 cm</marc:subfield>
   </marc:datafield>
   <marc:datafield ind1=" " ind2=" " tag="336">
      <marc:subfield code="a">text</marc:subfield>
      <marc:subfield code="b">txt</marc:subfield>
      <marc:subfield code="2">rdacontent</marc:subfield>
   </marc:datafield>
   <marc:datafield ind1=" " ind2=" " tag="337">
      <marc:subfield code="a">unmediated</marc:subfield>
      <marc:subfield code="b">n</marc:subfield>
      <marc:subfield code="2">rdamedia</marc:subfield>
   </marc:datafield>
   <marc:datafield ind1=" " ind2=" " tag="338">
      <marc:subfield code="a">volume</marc:subfield>
      <marc:subfield code="b">nc</marc:subfield>
      <marc:subfield code="2">rdacarrier</marc:subfield>
   </marc:datafield>
   <marc:datafield ind1="0" ind2=" " tag="588">
      <marc:subfield code="a">Mar. 18, 1940.</marc:subfield>
   </marc:datafield>
   <marc:datafield ind1="1" ind2=" " tag="588">
      <marc:subfield code="a">Apr. 25, 1944.</marc:subfield>
   </marc:datafield>
   <marc:datafield ind1=" " ind2=" " tag="591">
      <marc:subfield code="b">NAL Reclamation</marc:subfield>
   </marc:datafield>
   <marc:datafield ind1=" " ind2=" " tag="593">
      <marc:subfield code="f">Agricola CAT</marc:subfield>
   </marc:datafield>
   <marc:datafield ind1=" " ind2="0" tag="650">
      <marc:subfield code="a">Agriculture</marc:subfield>
      <marc:subfield code="z">United States.</marc:subfield>
      <marc:subfield code="0">http://id.loc.gov/authorities/subjects/sh85002470</marc:subfield>
   </marc:datafield>
   <marc:datafield ind1=" " ind2="0" tag="650">
      <marc:subfield code="a">Radio scripts</marc:subfield>
      <marc:subfield code="z">United States.</marc:subfield>
   </marc:datafield>
   <marc:datafield ind1=" " ind2="7" tag="651">
      <marc:subfield code="a">United States.</marc:subfield>
      <marc:subfield code="2">fast</marc:subfield>
      <marc:subfield code="0">(OCoLC)fst01204155</marc:subfield>
   </marc:datafield>
   <marc:datafield ind1=" " ind2="3" tag="655">
      <marc:subfield code="a">Internet resource.</marc:subfield>
   </marc:datafield>
   <marc:datafield ind1="1" ind2=" " tag="700">
      <marc:subfield code="a">Kadderly, Wallace L.</marc:subfield>
      <marc:subfield code="q">(Wallace Ladue),</marc:subfield>
      <marc:subfield code="d">1892-1983.</marc:subfield>
      <marc:subfield code="0">http://id.loc.gov/authorities/names/no2010127331</marc:subfield>
   </marc:datafield>
   <marc:datafield ind1="0" ind2="2" tag="740">
      <marc:subfield code="a">Facilities for reporting USDA research to radio listeners.</marc:subfield>
   </marc:datafield>
   <marc:datafield ind1="0" ind2="2" tag="740">
      <marc:subfield code="a">USDA bulletin board.</marc:subfield>
   </marc:datafield>
   <marc:datafield ind1="0" ind2="2" tag="740">
      <marc:subfield code="a">Support prices for hogs.</marc:subfield>
   </marc:datafield>
   <marc:datafield ind1="0" ind2="2" tag="740">
      <marc:subfield code="a">Insurance on spring wheat.</marc:subfield>
   </marc:datafield>
   <marc:datafield ind1="0" ind2="2" tag="740">
      <marc:subfield code="a">More corn needed for war.</marc:subfield>
   </marc:datafield>
   <marc:datafield ind1="4" ind2="1" tag="856">
      <marc:subfield code="u">https://archive.org/details/addressesstateme1940unit</marc:subfield>
   </marc:datafield>
   <marc:datafield ind1=" " ind2=" " tag="912">
      <marc:subfield code="a">nalcatalog</marc:subfield>
   </marc:datafield>
   <marc:datafield ind1=" " ind2=" " tag="930">
      <marc:subfield code="a">20140702</marc:subfield>
      <marc:subfield code="b">20140807</marc:subfield>
      <marc:subfield code="c">00000000</marc:subfield>
   </marc:datafield>
   <marc:datafield ind1=" " ind2=" " tag="939">
      <marc:subfield code="a">20140319</marc:subfield>
      <marc:subfield code="b">20140404</marc:subfield>
      <marc:subfield code="c">00000000</marc:subfield>
   </marc:datafield>
   <marc:datafield ind1=" " ind2=" " tag="945">
      <marc:subfield code="a">USDArecon</marc:subfield>
   </marc:datafield>
   <marc:datafield ind1=" " ind2=" " tag="946">
      <marc:subfield code="a">USDA</marc:subfield>
   </marc:datafield>
   <marc:datafield ind1=" " ind2=" " tag="958">
      <marc:subfield code="b">e</marc:subfield>
      <marc:subfield code="c">2010-06-30</marc:subfield>
      <marc:subfield code="d">o</marc:subfield>
      <marc:subfield code="e">jkimball</marc:subfield>
      <marc:subfield code="h">recon</marc:subfield>
   </marc:datafield>
   <marc:datafield ind1=" " ind2=" " tag="959">
      <marc:subfield code="c">2013-04-02</marc:subfield>
      <marc:subfield code="e">ssouder</marc:subfield>
      <marc:subfield code="g">ap</marc:subfield>
   </marc:datafield>
   <marc:datafield ind1=" " ind2=" " tag="959">
      <marc:subfield code="c">2012-12-11</marc:subfield>
      <marc:subfield code="e">rgallett</marc:subfield>
      <marc:subfield code="g">ap</marc:subfield>
   </marc:datafield>
   <marc:datafield ind1=" " ind2=" " tag="959">
      <marc:subfield code="c">2014-03-19</marc:subfield>
      <marc:subfield code="e">rgallett</marc:subfield>
      <marc:subfield code="g">upgrade</marc:subfield>
   </marc:datafield>
   <marc:datafield ind1=" " ind2=" " tag="994">
      <marc:subfield code="a">92</marc:subfield>
      <marc:subfield code="b">AGL</marc:subfield>
   </marc:datafield>
   <marc:datafield ind1=" " ind2=" " tag="AVA">
      <marc:subfield code="0">9915503092607426</marc:subfield>
      <marc:subfield code="8">22173787420007426</marc:subfield>
      <marc:subfield code="a">01NAL_INST</marc:subfield>
      <marc:subfield code="b">NAL</marc:subfield>
      <marc:subfield code="c">Stacks</marc:subfield>
      <marc:subfield code="d">1.914 R2K11</marc:subfield>
      <marc:subfield code="e">check_holdings</marc:subfield>
      <marc:subfield code="j">stacks</marc:subfield>
      <marc:subfield code="k">dnal</marc:subfield>
      <marc:subfield code="p">1</marc:subfield>
      <marc:subfield code="q">National Agricultural Library</marc:subfield>
   </marc:datafield>
   <marc:datafield ind1=" " ind2=" " tag="AVE">
      <marc:subfield code="8">53200794790007426</marc:subfield>
      <marc:subfield code="e">Available</marc:subfield>
      <marc:subfield code="l">NAL</marc:subfield>
      <marc:subfield code="a">01NAL_INST</marc:subfield>
      <marc:subfield code="0">9915503092607426</marc:subfield>
   </marc:datafield>
</marc:record>
