<?xml version="1.0" encoding="UTF-8"?>
<marc:record xmlns:marc="http://www.loc.gov/MARC21/slim">
   <marc:leader>02136cam a2200541Ma 4500</marc:leader>
   <marc:controlfield tag="001">9915493455207426</marc:controlfield>
   <marc:controlfield tag="005">20240624165122.0</marc:controlfield>
   <marc:controlfield tag="008">910224s1960    caua     b   f000 0 eng d</marc:controlfield>
   <marc:datafield ind1="7" ind2=" " tag="016">
      <marc:subfield code="a">CAT31120256</marc:subfield>
      <marc:subfield code="2">DNAL</marc:subfield>
   </marc:datafield>
   <marc:datafield ind1=" " ind2=" " tag="019">
      <marc:subfield code="a">1039860819</marc:subfield>
      <marc:subfield code="a">1231931095</marc:subfield>
   </marc:datafield>
   <marc:datafield ind1=" " ind2=" " tag="035">
      <marc:subfield code="a">1120256</marc:subfield>
   </marc:datafield>
   <marc:datafield ind1=" " ind2=" " tag="035">
      <marc:subfield code="a">(OCoLC)220955067</marc:subfield>
      <marc:subfield code="z">(OCoLC)1039860819</marc:subfield>
      <marc:subfield code="z">(OCoLC)1231931095</marc:subfield>
   </marc:datafield>
   <marc:datafield ind1=" " ind2=" " tag="035">
      <marc:subfield code="a">(DNAL)1120256-naldb-Voyager</marc:subfield>
   </marc:datafield>
   <marc:datafield ind1=" " ind2=" " tag="035">
      <marc:subfield code="z">(OCoLC)1039860819</marc:subfield>
      <marc:subfield code="z">(OCoLC)1231931095</marc:subfield>
   </marc:datafield>
   <marc:datafield ind1=" " ind2=" " tag="040">
      <marc:subfield code="a">AU@</marc:subfield>
      <marc:subfield code="b">eng</marc:subfield>
      <marc:subfield code="c">AU@</marc:subfield>
      <marc:subfield code="d">OCLCQ</marc:subfield>
      <marc:subfield code="d">MTG</marc:subfield>
      <marc:subfield code="d">OCLCF</marc:subfield>
      <marc:subfield code="d">OCLCQ</marc:subfield>
      <marc:subfield code="d">AGM</marc:subfield>
      <marc:subfield code="d">AGL</marc:subfield>
   </marc:datafield>
   <marc:datafield ind1=" " ind2=" " tag="043">
      <marc:subfield code="a">n-us-ca</marc:subfield>
   </marc:datafield>
   <marc:datafield ind1=" " ind2=" " tag="049">
      <marc:subfield code="a">AGLL</marc:subfield>
   </marc:datafield>
   <marc:datafield ind1="0" ind2=" " tag="070">
      <marc:subfield code="a">1.9</marc:subfield>
      <marc:subfield code="b">F7626R no. 161 1960</marc:subfield>
   </marc:datafield>
   <marc:datafield ind1="0" ind2=" " tag="086">
      <marc:subfield code="a">A 13.62/7:161</marc:subfield>
   </marc:datafield>
   <marc:datafield ind1="1" ind2=" " tag="100">
      <marc:subfield code="a">Olsen, James M.</marc:subfield>
   </marc:datafield>
   <marc:datafield ind1="1" ind2="0" tag="245">
      <marc:subfield code="a">1959 green-fuel moisture and soil moisture trends in southern California /</marc:subfield>
      <marc:subfield code="c">James M. Olsen.</marc:subfield>
   </marc:datafield>
   <marc:datafield ind1=" " ind2=" " tag="260">
      <marc:subfield code="a">Berkeley, Calif. :</marc:subfield>
      <marc:subfield code="b">U.S. Dept. of Agriculture, Forest Service, Pacific Southwest Forest and Range Experiment Station,</marc:subfield>
      <marc:subfield code="c">1960.</marc:subfield>
   </marc:datafield>
   <marc:datafield ind1=" " ind2=" " tag="300">
      <marc:subfield code="a">8 pages :</marc:subfield>
      <marc:subfield code="b">illustrations ;</marc:subfield>
      <marc:subfield code="c">28 cm.</marc:subfield>
   </marc:datafield>
   <marc:datafield ind1=" " ind2=" " tag="336">
      <marc:subfield code="a">text</marc:subfield>
      <marc:subfield code="b">txt</marc:subfield>
      <marc:subfield code="2">rdacontent</marc:subfield>
   </marc:datafield>
   <marc:datafield ind1=" " ind2=" " tag="337">
      <marc:subfield code="a">unmediated</marc:subfield>
      <marc:subfield code="b">n</marc:subfield>
      <marc:subfield code="2">rdamedia</marc:subfield>
   </marc:datafield>
   <marc:datafield ind1=" " ind2=" " tag="338">
      <marc:subfield code="a">volume</marc:subfield>
      <marc:subfield code="b">nc</marc:subfield>
      <marc:subfield code="2">rdacarrier</marc:subfield>
   </marc:datafield>
   <marc:datafield ind1="1" ind2=" " tag="490">
      <marc:subfield code="a">Research note / Pacific Southwest Forest and Range Experiment Station ;</marc:subfield>
      <marc:subfield code="v">no. 161</marc:subfield>
   </marc:datafield>
   <marc:datafield ind1=" " ind2=" " tag="504">
      <marc:subfield code="a">Includes bibliographical references (page 8).</marc:subfield>
   </marc:datafield>
   <marc:datafield ind1=" " ind2=" " tag="591">
      <marc:subfield code="b">NAL Reclamation</marc:subfield>
   </marc:datafield>
   <marc:datafield ind1=" " ind2=" " tag="593">
      <marc:subfield code="f">Agricola CAT</marc:subfield>
   </marc:datafield>
   <marc:datafield ind1=" " ind2="0" tag="650">
      <marc:subfield code="a">Forest fires</marc:subfield>
      <marc:subfield code="z">California</marc:subfield>
      <marc:subfield code="x">Prevention and control.</marc:subfield>
   </marc:datafield>
   <marc:datafield ind1=" " ind2="3" tag="650">
      <marc:subfield code="a">Fire behavior.</marc:subfield>
   </marc:datafield>
   <marc:datafield ind1=" " ind2="3" tag="650">
      <marc:subfield code="a">Plant density.</marc:subfield>
   </marc:datafield>
   <marc:datafield ind1=" " ind2="3" tag="650">
      <marc:subfield code="a">water content.</marc:subfield>
   </marc:datafield>
   <marc:datafield ind1=" " ind2="3" tag="650">
      <marc:subfield code="a">Fire break.</marc:subfield>
   </marc:datafield>
   <marc:datafield ind1=" " ind2="3" tag="651">
      <marc:subfield code="a">California.</marc:subfield>
   </marc:datafield>
   <marc:datafield ind1=" " ind2="7" tag="651">
      <marc:subfield code="a">California.</marc:subfield>
      <marc:subfield code="2">fast</marc:subfield>
      <marc:subfield code="0">(OCoLC)fst01204928</marc:subfield>
   </marc:datafield>
   <marc:datafield ind1=" " ind2="3" tag="655">
      <marc:subfield code="a">Internet resource.</marc:subfield>
   </marc:datafield>
   <marc:datafield ind1="2" ind2=" " tag="710">
      <marc:subfield code="a">Pacific Southwest Forest and Range Experiment Station (Berkeley, Calif.)</marc:subfield>
      <marc:subfield code="0">http://id.loc.gov/authorities/names/n80044739</marc:subfield>
   </marc:datafield>
   <marc:datafield ind1="1" ind2=" " tag="810">
      <marc:subfield code="a">United States.</marc:subfield>
      <marc:subfield code="b">Forest Service.</marc:subfield>
      <marc:subfield code="b">Pacific Southwest Forest and Range Experiment Station.</marc:subfield>
      <marc:subfield code="t">Research note ;</marc:subfield>
      <marc:subfield code="v">no. 161.</marc:subfield>
   </marc:datafield>
   <marc:datafield ind1="4" ind2="1" tag="856">
      <marc:subfield code="u">https://archive.org/details/1959greenfuelmoi161olse</marc:subfield>
   </marc:datafield>
   <marc:datafield ind1=" " ind2=" " tag="912">
      <marc:subfield code="a">nalcatalog</marc:subfield>
   </marc:datafield>
   <marc:datafield ind1=" " ind2=" " tag="930">
      <marc:subfield code="a">20140207</marc:subfield>
      <marc:subfield code="b">20140307</marc:subfield>
      <marc:subfield code="c">00000000</marc:subfield>
   </marc:datafield>
   <marc:datafield ind1=" " ind2=" " tag="939">
      <marc:subfield code="a">20130410</marc:subfield>
      <marc:subfield code="b">20130503</marc:subfield>
      <marc:subfield code="c">00000000</marc:subfield>
   </marc:datafield>
   <marc:datafield ind1=" " ind2=" " tag="945">
      <marc:subfield code="a">DigiMet</marc:subfield>
   </marc:datafield>
   <marc:datafield ind1=" " ind2=" " tag="946">
      <marc:subfield code="a">USDA</marc:subfield>
   </marc:datafield>
   <marc:datafield ind1=" " ind2=" " tag="958">
      <marc:subfield code="a">resource</marc:subfield>
      <marc:subfield code="b">e</marc:subfield>
      <marc:subfield code="c">2013-04-10</marc:subfield>
      <marc:subfield code="d">n</marc:subfield>
      <marc:subfield code="e">mbonet</marc:subfield>
      <marc:subfield code="h">recon</marc:subfield>
   </marc:datafield>
   <marc:datafield ind1=" " ind2=" " tag="994">
      <marc:subfield code="a">92</marc:subfield>
      <marc:subfield code="b">AGL</marc:subfield>
   </marc:datafield>
   <marc:datafield ind1=" " ind2=" " tag="AVA">
      <marc:subfield code="0">9915493455207426</marc:subfield>
      <marc:subfield code="8">22171329250007426</marc:subfield>
      <marc:subfield code="a">01NAL_INST</marc:subfield>
      <marc:subfield code="b">NAL</marc:subfield>
      <marc:subfield code="c">Stacks</marc:subfield>
      <marc:subfield code="d">1.9 F7626R no. 161 1960</marc:subfield>
      <marc:subfield code="e">check_holdings</marc:subfield>
      <marc:subfield code="j">stacks</marc:subfield>
      <marc:subfield code="k">dnal</marc:subfield>
      <marc:subfield code="p">1</marc:subfield>
      <marc:subfield code="q">National Agricultural Library</marc:subfield>
   </marc:datafield>
   <marc:datafield ind1=" " ind2=" " tag="AVE">
      <marc:subfield code="8">53199782870007426</marc:subfield>
      <marc:subfield code="e">Available</marc:subfield>
      <marc:subfield code="l">NAL</marc:subfield>
      <marc:subfield code="a">01NAL_INST</marc:subfield>
      <marc:subfield code="0">9915493455207426</marc:subfield>
   </marc:datafield>
</marc:record>
