<?xml version="1.0" encoding="UTF-8"?>
<accessRights>
    <licenses>
        <!-- Generic -->
        <lic>
            <a>Resource is Open Access</a>
            <u>http://purl.org/eprint/accessRights/OpenAccess</u>
            <u>https://purl.org/eprint/accessRights/OpenAccess</u>
            <f>Unrestricted online access</f>
            <two>star</two>
            <ind1>0</ind1>
        </lic>
        <!-- Creative Commons -->
        <lic>
            <a>Creative Commons Attribution 4.0 Generic (CC BY 4.0)</a>
            <u>http://creativecommons.org/licenses/by/4.0/</u>
            <u>https://creativecommons.org/licenses/by/4.0/</u>
            <f>Unrestricted online access</f>
            <two>star</two>
            <ind1>0</ind1>
        </lic>
        <lic>
            <a>Creative Commons Attribution 4.0 Generic (CC BY-SA 4.0)</a> <!-- added share-alike -->
            <u>https://creativecommons.org/licenses/by-sa/4.0/</u>
            <u>http://creativecommons.org/licenses/by-sa/4.0/</u>
            <f>Unrestricted online access</f>
            <two>star</two>
            <ind1>0</ind1>
        </lic>
        <lic>
            <a>Creative Commons Attribution 4.0 Generic (CC BY-NC 4.0)</a>
            <u>http://creativecommons.org/licenses/by-nc/4.0/</u>
            <u>https://creativecommons.org/licenses/by-nc/4.0/</u>
            <f>Unrestricted online access</f>
            <two>star</two>
            <ind1>0</ind1>
        </lic>   
        <lic>
            <a>Creative Commons Attribution 4.0 Generic (CC BY-NC-ND 4.0)</a>
            <u>http://creativecommons.org/licenses/by-nc-nd/4.0/</u>
            <u>https://creativecommons.org/licenses/by-nc-nd/4.0/</u>
            <f>Unrestricted online access</f>
            <two>star</two>
            <ind1>0</ind1>
        </lic>
        <lic>
            <a>Creative Commons Attribution 4.0 Generic (CC BY-NC-SA 4.0)</a> <!-- added non-commercial share-alike -->
            <u>http://creativecommons.org/licenses/by-nc-sa/4.0/</u>
            <u>https://creativecommons.org/licenses/by-nc-sa/4.0/</u>
            <f>Unrestricted online access</f>
            <two>star</two>
            <ind1>0</ind1>
        </lic>
        <!-- 3.0 -->
        <lic>
            <a>Creative Commons Attribution 3.0 Generic (CC BY 3.0)</a>
            <u>http://creativecommons.org/licenses/by/3.0/</u>
            <u>https://creativecommons.org/licenses/by/3.0/</u>
            <f>Unrestricted online access</f>
            <two>star</two>
            <ind1>0</ind1>
        </lic>
        <!-- 2.0 -->
        <lic>
            <a>Creative Commons Attribution 2.0 Generic (CC BY 2.0)</a>
            <u>http://creativecommons.org/licenses/by/2.0/</u>
            <u>https://creativecommons.org/licenses/by/2.0/</u>
            <f>Unrestricted online access</f>
            <two>star</two>
            <ind1>0</ind1>
        </lic>
        
        <!-- Publishers -->
        
        <!-- Elsevier -->
        <lic>
            <a>Elsevier BV License Information</a>
            <u>http://www.elsevier.com/open-access/userlicense/1.0/</u>
            <f>Unrestricted online access</f>
            <two>star</two>
            <ind1>0</ind1>
        </lic>
        <!-- Wiley -->
        <lic>
            <a>Wiley Online Library Terms of Use</a> <!-- added url licensing title / cm3 / 2024-07-06 -->
            <u>http://onlinelibrary.wiley.com/termsAndConditions#vor</u>
            <f>Unrestricted online access</f>
            <two>star</two>
            <ind1>0</ind1>
        </lic>
        
        <!-- CHORUS -->
        <lic>
            <a>CHORUS License Information</a>
            <u>https://academic.oup.com/journals/pages/open_access/funder_policies/chorus/standard_publication_model</u>
            <f>Unrestricted online access</f>
            <two>star</two>
            <ind1>0</ind1>
        </lic>
        <lic>
            <a>CHORUS License Information</a>
            <u>http://rsc.li/journals-terms-of-use#chorus</u>
            <f>Unrestricted online access</f>
            <two>star</two>
            <ind1>0</ind1>
        </lic>
        
        <lic>
            <a>CHORUS License Information</a>
            <u>http://www.sagepub.com/licence-information-for-chorus</u>
            <f>Unrestricted online access</f>
            <two>star</two>
            <ind1>0</ind1>
        </lic>
        
        <lic>
            <a>CHORUS License Information</a>  <!-- added American Institute of Physics licensing link / cm3 / 2024-07-06 -->
            <u>https://publishing.aip.org/authors/rights-and-permissions</u>
            <f>Unrestricted online access</f>
            <two>star</two>
            <ind1>0</ind1>
        </lic>
        <lic>
            <a>CHORUS License Information</a>  <!-- added American Institute of Aeronautics and Astronautics linknk / cm3 / 2024-07-06 -->
            <u>https://www.aiaa.org/userlicenses/1.0/#CompEndUserLicense</u>
            <f>Unrestricted online access</f>
            <two>star</two>
            <ind1>0</ind1>
        </lic>
        
        <!-- Text and Data Mining (tdm) / cm3 / 2024-07-06 -->-->
        <lic>
            <a>SAGE Journals Text and Data Mining License Agreement</a>
            <u>http://journals.sagepub.com/page/policies/text-and-data-mining-license</u>
            <ind1>1</ind1>
        </lic>
        
        <!-- Scientific, Technical and Medical journals - Article Sharing Framework (stm-asf) / cm3 / 2024-07-06 -->
        <lic>
            <a>Article Sharing Framework Policy no. 29</a>
            <u>https://doi.org/10.15223/policy-029</u>
            <f>Unrestricted online access</f>
            <two>star</two>
            <ind1>0</ind1>
        </lic>
        
        <!-- NAL Standard for Non-Copyrighted Work by U.S. Government Employees -->
        <lic>
            <a>Works produced by employees of the U.S. Government as part of their official duties are not copyrighted within the U.S. The content of this document is not copyrighted.</a>
            <f>Unrestricted online access</f>
            <two>star</two>
            <ind1>0</ind1>
        </lic>
        
        <!-- rightsstatements.org NO COPYRIGHT- UNITED STATES -->
        <lic>
            <a>NO COPYRIGHT - UNITED STATES</a>
            <u>http://rightsstatements.org/page/NoC-US/1.0/</u>
            <u>https://rightsstatements.org/page/NoC-US/1.0/</u>
            <f>Unless expressly stated otherwise, the organization that has made this Item available makes no warranties about the Item and cannot guarantee the accuracy of this Rights Statement. You are responsible for your own use.
                You may find additional information about the copyright status of the Item on the website of the organization that has made the Item available.
                You may need to obtain other permissions for your intended use. For example, other rights such as publicity, privacy or moral rights may limit how you may use the material.</f>
            <two>star</two>
            <ind1>0</ind1>
        </lic>
        
    </licenses>
    
    <!-- CrossRef's schema for defining the applicable licenses for a given item -->
    <for>
        <app>
            <applies_to>stm-asf</applies_to> <!-- added stm-asf -->
            <three>STM - Article Sharing Framework</three>
            <three>Scientific, Technical and Medical journals - Article Sharing Framework</three>        
        </app>
        <app>
            <applies_to>tdm</applies_to>
            <three>Text and data mining</three>
        </app>
        <app>
            <applies_to>am</applies_to>
            <three>Accepted manuscript</three>
        </app>
        <app>
            <applies_to>vor</applies_to>
            <three>Version of record</three>
        </app>
    </for>
</accessRights>